PhysicalX(mm),PhysicalY(mm),P0,P1,P2,P3,P4,P5,P6,P7,P8,P9,P10,P11,P12,P13,P14,P15,P16,P17,P18,P19,P20,P21,P22,P23,P24,P25,P26,P27,P28,P29,P30,P31,P32,P33,P34,P35,P36,P37,P38,P39,P40,P41,P42,P43,P44,P45,P46,P47,P48,P49,P50,P51,P52,P53,P54,P55,P56,P57,P58,P59,P60,P61,P62,P63,P64,P65,P66,P67,P68,P69,P70,P71,P72,P73,P74,P75,P76,P77,P78,P79,P80,P81,P82,P83,P84,P85,P86,P87,P88,P89,P90,P91,P92,P93,P94,P95,P96,P97,P98,P99,P100
248.209,-56.721,-88.943,-88.721,-89.076,-85.482,-87.113,-90.769,-93.238,-92.452,-86.806,-87.488,-92.177,-88.151,-85.541,-90.394,-89.416,-91.367,-93.313,-86.372,-87.163,-89.304,-89.643,-88.707,-86.591,-88.826,-96.254,-92.682,-89.984,-84.767,-93.533,-88.707,-88.747,-92.767,-91.143,-91.251,-92.747,-90.786,-89.040,-84.977,-86.102,-92.428,-87.098,-86.419,-86.524,-88.415,-91.272,-84.841,-85.105,-88.220,-95.562,-87.326,-89.707,-82.000,-88.314,-88.193,-91.686,-93.970,-87.408,-89.990,-90.390,-88.432,-87.610,-88.300,-95.883,-88.868,-88.718,-85.898,-88.592,-85.748,-87.481,-87.544,-88.027,-88.022,-92.416,-85.628,-86.988,-88.881,-91.028,-86.073,-89.972,-88.648,-85.434,-85.475,-91.778,-85.998,-87.764,-89.634,-89.171,-89.006,-85.358,-85.025,-87.360,-85.729,-84.797,-89.412,-93.420,-90.058,-93.198,-91.630,-90.004,-85.585,-85.119
257.547,-56.721,-88.451,-86.233,-84.002,-90.027,-94.511,-92.320,-85.737,-87.263,-90.199,-98.756,-87.626,-84.857,-84.578,-84.549,-87.938,-87.529,-88.268,-94.295,-85.036,-84.800,-85.896,-86.010,-86.543,-87.375,-86.620,-91.033,-89.371,-89.068,-87.278,-88.197,-88.174,-89.446,-86.903,-86.886,-92.942,-90.662,-92.833,-94.112,-86.405,-90.006,-88.261,-87.636,-92.199,-95.935,-93.905,-98.002,-89.262,-89.712,-89.431,-91.451,-87.740,-90.587,-84.537,-84.400,-91.442,-86.085,-86.659,-86.969,-86.927,-93.076,-89.791,-89.633,-88.129,-87.665,-88.735,-86.099,-85.140,-85.643,-89.052,-89.979,-87.319,-86.671,-90.069,-92.845,-93.874,-90.262,-85.577,-85.445,-91.097,-89.893,-90.652,-90.559,-87.558,-91.978,-85.544,-85.261,-87.915,-91.315,-89.977,-91.993,-91.844,-87.919,-87.874,-88.385,-94.834,-89.517,-98.709,-86.640,-85.757,-88.121,-88.128
266.886,-56.721,-90.052,-85.512,-87.958,-91.134,-91.673,-85.607,-87.942,-85.349,-86.786,-89.983,-90.862,-92.097,-83.842,-83.849,-96.640,-89.140,-88.514,-84.240,-84.738,-94.560,-90.085,-84.852,-87.550,-88.803,-88.001,-91.118,-90.902,-93.809,-85.235,-85.946,-87.613,-87.605,-93.656,-85.190,-92.088,-90.668,-88.374,-86.972,-85.421,-84.939,-88.554,-92.151,-88.263,-88.604,-89.156,-88.841,-93.990,-92.868,-90.871,-93.224,-88.149,-87.937,-85.258,-91.430,-93.057,-90.274,-91.067,-90.305,-90.660,-87.884,-88.326,-87.243,-91.240,-81.604,-81.706,-88.498,-85.345,-85.310,-88.725,-87.544,-87.884,-87.481,-86.223,-90.871,-91.446,-91.222,-92.262,-92.249,-94.189,-89.787,-92.485,-91.231,-91.870,-89.235,-95.973,-89.979,-87.996,-89.563,-85.832,-89.621,-88.549,-86.769,-86.767,-87.359,-88.304,-93.900,-92.718,-87.020,-87.008,-91.609,-87.554
276.225,-56.721,-89.065,-83.574,-84.838,-87.574,-89.788,-86.927,-89.665,-89.605,-91.135,-92.116,-98.084,-88.739,-91.779,-90.287,-88.975,-81.941,-89.541,-89.521,-84.573,-84.381,-91.707,-93.683,-89.433,-88.363,-84.952,-84.941,-94.348,-89.859,-91.738,-88.747,-88.743,-85.665,-86.574,-84.898,-90.748,-93.735,-94.030,-89.183,-91.905,-88.321,-86.418,-84.993,-89.501,-90.829,-85.510,-88.720,-91.424,-88.305,-85.306,-89.471,-89.382,-91.945,-91.700,-87.000,-90.426,-87.043,-86.732,-86.746,-86.147,-90.459,-83.780,-91.432,-88.475,-83.920,-87.893,-88.510,-90.488,-88.245,-86.026,-84.719,-84.571,-87.354,-95.150,-94.481,-96.067,-86.870,-95.862,-84.561,-88.099,-90.335,-94.303,-91.791,-89.876,-89.652,-95.613,-90.423,-88.739,-90.603,-85.438,-87.080,-86.816,-89.637,-91.872,-89.473,-87.172,-87.734,-88.009,-96.343,-93.931,-95.284,-87.899
285.564,-56.721,-1000.000,-1000.000,-1000.000,-1000.000,-1000.000,-1000.000,-1000.000,-1000.000,-1000.000,-1000.000,-1000.000,-1000.000,-1000.000,-1000.000,-1000.000,-1000.000,-1000.000,-1000.000,-1000.000,-1000.000,-1000.000,-1000.000,-1000.000,-1000.000,-1000.000,-1000.000,-1000.000,-1000.000,-1000.000,-1000.000,-1000.000,-1000.000,-1000.000,-1000.000,-1000.000,-1000.000,-1000.000,-1000.000,-1000.000,-1000.000,-1000.000,-1000.000,-1000.000,-1000.000,-1000.000,-1000.000,-1000.000,-1000.000,-1000.000,-1000.000,-1000.000,-1000.000,-1000.000,-1000.000,-1000.000,-1000.000,-1000.000,-1000.000,-1000.000,-1000.000,-1000.000,-1000.000,-1000.000,-1000.000,-1000.000,-1000.000,-1000.000,-1000.000,-1000.000,-1000.000,-1000.000,-1000.000,-1000.000,-1000.000,-1000.000,-1000.000,-1000.000,-1000.000,-1000.000,-1000.000,-1000.000,-1000.000,-1000.000,-1000.000,-1000.000,-1000.000,-1000.000,-1000.000,-1000.000,-1000.000,-1000.000,-1000.000,-1000.000,-1000.000,-1000.000,-1000.000,-1000.000,-1000.000,-1000.000,-1000.000,-1000.000
294.902,-56.721,-83.811,-86.911,-87.534,-82.356,-82.335,-86.829,-87.547,-86.865,-86.863,-89.397,-88.043,-88.302,-85.373,-87.017,-91.669,-84.980,-86.789,-90.479,-85.205,-86.946,-89.999,-94.518,-85.247,-87.754,-87.745,-88.036,-88.158,-86.108,-88.450,-89.094,-86.452,-87.519,-88.205,-84.580,-91.070,-88.110,-87.403,-88.069,-92.572,-87.518,-85.691,-86.427,-84.373,-90.119,-89.621,-87.100,-87.662,-88.610,-84.811,-84.877,-91.669,-89.664,-84.197,-83.816,-86.894,-86.373,-87.921,-87.833,-89.098,-90.488,-85.958,-85.781,-84.877,-87.511,-86.779,-87.092,-87.841,-90.779,-85.930,-89.567,-88.044,-90.515,-89.809,-85.723,-84.884,-84.034,-85.456,-86.700,-87.220,-86.531,-88.104,-89.577,-85.383,-88.525,-85.291,-88.983,-92.522,-88.090,-86.409,-89.320,-87.130,-87.605,-86.285,-86.446,-87.707,-85.753,-88.533,-90.464,-92.016,-91.249,-89.782
304.241,-56.721,-92.437,-89.577,-87.387,-86.293,-85.483,-95.481,-94.866,-92.226,-92.979,-86.714,-92.692,-88.320,-87.623,-92.021,-87.971,-83.045,-88.428,-91.768,-90.622,-92.513,-89.542,-93.630,-88.308,-87.743,-87.806,-85.071,-91.959,-90.395,-93.060,-86.477,-87.816,-93.623,-85.255,-86.438,-91.780,-85.125,-84.307,-94.705,-88.666,-87.530,-89.739,-93.176,-92.469,-84.770,-87.469,-87.051,-89.758,-87.173,-88.583,-87.669,-91.155,-87.073,-87.199,-89.275,-90.467,-87.581,-89.021,-89.211,-92.333,-93.241,-90.960,-92.268,-92.058,-88.683,-88.334,-87.605,-89.128,-91.468,-93.250,-90.725,-86.399,-86.457,-93.292,-87.922,-90.410,-86.805,-88.273,-86.934,-88.631,-88.003,-86.957,-87.035,-88.211,-91.730,-93.159,-87.069,-88.985,-89.829,-89.836,-92.095,-90.546,-90.473,-97.595,-88.854,-89.109,-84.971,-89.711,-93.115,-87.655,-87.671,-89.050
313.580,-56.721,-87.822,-85.894,-86.339,-92.319,-92.180,-87.846,-88.011,-87.960,-87.150,-92.966,-96.286,-93.231,-88.840,-85.605,-86.403,-87.487,-88.356,-87.451,-87.969,-87.223,-88.100,-90.299,-91.107,-91.781,-91.170,-87.104,-88.620,-88.107,-88.186,-88.315,-89.008,-91.901,-92.920,-83.890,-83.882,-85.035,-89.620,-93.083,-93.207,-91.290,-84.583,-89.801,-88.233,-90.581,-84.268,-85.749,-91.808,-85.183,-89.162,-87.646,-86.501,-86.545,-88.043,-89.055,-88.423,-84.296,-95.602,-97.573,-90.206,-90.200,-91.688,-87.507,-91.560,-93.239,-90.675,-92.232,-90.515,-89.146,-90.518,-88.576,-89.834,-94.519,-96.471,-89.768,-90.291,-96.152,-88.561,-86.380,-93.173,-88.485,-89.305,-89.125,-89.305,-89.033,-85.500,-92.355,-89.193,-92.815,-89.499,-86.883,-90.058,-87.949,-84.566,-88.016,-89.601,-87.787,-87.175,-93.258,-91.249,-90.105,-91.428
322.919,-56.721,-84.905,-91.233,-90.792,-90.428,-86.467,-89.289,-87.297,-89.997,-93.243,-90.124,-85.916,-84.183,-89.726,-88.636,-89.883,-90.672,-91.567,-91.578,-88.179,-89.365,-88.671,-86.751,-95.154,-94.731,-89.632,-90.676,-89.059,-86.823,-85.550,-86.656,-89.748,-88.784,-87.144,-84.973,-85.523,-94.158,-87.785,-88.030,-89.712,-84.364,-84.527,-90.690,-90.035,-92.467,-92.257,-89.858,-88.378,-84.876,-84.855,-93.639,-89.204,-85.362,-84.736,-87.070,-86.469,-89.891,-90.201,-88.783,-89.049,-83.423,-84.570,-86.983,-86.327,-89.117,-90.409,-88.451,-91.805,-89.807,-92.727,-88.020,-88.001,-86.897,-86.822,-90.346,-87.303,-87.666,-87.216,-84.211,-85.902,-89.924,-89.762,-89.633,-92.369,-85.172,-85.186,-92.072,-99.690,-87.289,-86.997,-88.767,-85.943,-86.962,-85.043,-85.706,-85.667,-83.319,-90.633,-88.855,-88.559,-87.458,-88.159
332.257,-56.721,-1000.000,-1000.000,-1000.000,-1000.000,-1000.000,-1000.000,-1000.000,-1000.000,-1000.000,-1000.000,-1000.000,-1000.000,-1000.000,-1000.000,-1000.000,-1000.000,-1000.000,-1000.000,-1000.000,-1000.000,-1000.000,-1000.000,-1000.000,-1000.000,-1000.000,-1000.000,-1000.000,-1000.000,-1000.000,-1000.000,-1000.000,-1000.000,-1000.000,-1000.000,-1000.000,-1000.000,-1000.000,-1000.000,-1000.000,-1000.000,-1000.000,-1000.000,-1000.000,-1000.000,-1000.000,-1000.000,-1000.000,-1000.000,-1000.000,-1000.000,-1000.000,-1000.000,-1000.000,-1000.000,-1000.000,-1000.000,-1000.000,-1000.000,-1000.000,-1000.000,-1000.000,-1000.000,-1000.000,-1000.000,-1000.000,-1000.000,-1000.000,-1000.000,-1000.000,-1000.000,-1000.000,-1000.000,-1000.000,-1000.000,-1000.000,-1000.000,-1000.000,-1000.000,-1000.000,-1000.000,-1000.000,-1000.000,-1000.000,-1000.000,-1000.000,-1000.000,-1000.000,-1000.000,-1000.000,-1000.000,-1000.000,-1000.000,-1000.000,-1000.000,-1000.000,-1000.000,-1000.000,-1000.000,-1000.000,-1000.000,-1000.000
248.209,-55.273,-88.926,-89.449,-90.745,-86.744,-88.802,-92.477,-89.191,-85.938,-84.755,-89.100,-93.024,-89.973,-94.185,-86.016,-85.573,-85.566,-85.300,-84.482,-86.061,-84.715,-85.074,-89.541,-90.521,-91.643,-96.527,-97.142,-90.462,-91.465,-87.322,-99.417,-85.809,-86.687,-90.843,-95.525,-92.165,-93.853,-92.588,-90.344,-89.329,-89.781,-90.572,-86.629,-87.043,-87.924,-90.475,-86.299,-89.029,-90.851,-87.630,-86.052,-86.050,-94.952,-93.974,-88.046,-84.990,-82.883,-86.574,-99.209,-95.560,-85.247,-84.142,-86.280,-85.287,-85.070,-94.630,-85.398,-86.018,-89.997,-88.447,-86.245,-84.892,-89.579,-93.735,-86.228,-87.794,-86.013,-88.854,-91.728,-92.927,-93.051,-89.970,-93.066,-94.950,-89.768,-84.234,-85.621,-86.602,-88.515,-91.014,-87.709,-85.851,-87.250,-86.220,-90.282,-87.500,-87.275,-86.742,-82.574,-86.207,-86.130,-87.503
257.547,-55.273,-1000.000,-1000.000,-1000.000,-1000.000,-1000.000,-1000.000,-1000.000,-1000.000,-1000.000,-1000.000,-1000.000,-1000.000,-1000.000,-1000.000,-1000.000,-1000.000,-1000.000,-1000.000,-1000.000,-1000.000,-1000.000,-1000.000,-1000.000,-1000.000,-1000.000,-1000.000,-1000.000,-1000.000,-1000.000,-1000.000,-1000.000,-1000.000,-1000.000,-1000.000,-1000.000,-1000.000,-1000.000,-1000.000,-1000.000,-1000.000,-1000.000,-1000.000,-1000.000,-1000.000,-1000.000,-1000.000,-1000.000,-1000.000,-1000.000,-1000.000,-1000.000,-1000.000,-1000.000,-1000.000,-1000.000,-1000.000,-1000.000,-1000.000,-1000.000,-1000.000,-1000.000,-1000.000,-1000.000,-1000.000,-1000.000,-1000.000,-1000.000,-1000.000,-1000.000,-1000.000,-1000.000,-1000.000,-1000.000,-1000.000,-1000.000,-1000.000,-1000.000,-1000.000,-1000.000,-1000.000,-1000.000,-1000.000,-1000.000,-1000.000,-1000.000,-1000.000,-1000.000,-1000.000,-1000.000,-1000.000,-1000.000,-1000.000,-1000.000,-1000.000,-1000.000,-1000.000,-1000.000,-1000.000,-1000.000,-1000.000,-1000.000
266.886,-55.273,-91.202,-96.874,-95.166,-88.467,-86.033,-84.939,-85.743,-86.349,-85.490,-90.337,-86.636,-89.591,-93.984,-89.268,-90.772,-89.490,-89.012,-94.021,-94.562,-94.014,-90.651,-88.539,-95.156,-91.808,-90.500,-91.799,-88.207,-85.852,-85.472,-85.578,-91.467,-96.905,-89.916,-86.449,-86.948,-90.742,-90.022,-92.181,-95.730,-93.954,-90.697,-88.133,-86.562,-86.556,-89.214,-88.680,-90.114,-93.507,-87.679,-87.511,-94.248,-92.326,-92.145,-93.460,-93.627,-83.818,-85.882,-89.036,-90.800,-86.342,-88.066,-88.380,-89.371,-86.953,-90.213,-94.714,-86.719,-88.188,-89.836,-88.835,-85.706,-85.715,-93.682,-93.632,-86.022,-90.313,-87.960,-88.791,-91.777,-91.768,-93.383,-89.244,-87.985,-88.206,-89.862,-88.752,-84.782,-84.469,-90.949,-92.730,-91.799,-94.849,-90.566,-92.451,-91.439,-84.454,-82.600,-88.744,-89.810,-83.747,-87.885
276.225,-55.273,-88.505,-86.815,-87.380,-88.938,-89.766,-98.919,-95.944,-98.994,-93.471,-95.692,-86.651,-86.664,-84.528,-88.287,-88.008,-87.483,-88.079,-92.866,-89.854,-87.976,-94.006,-91.299,-92.755,-89.578,-87.324,-90.683,-91.224,-89.534,-91.443,-89.627,-88.098,-91.593,-91.015,-88.182,-90.944,-85.527,-84.741,-88.797,-85.605,-89.986,-94.226,-91.233,-86.480,-86.443,-97.440,-90.619,-88.306,-93.566,-93.242,-88.895,-90.558,-83.881,-85.880,-89.282,-89.046,-91.804,-91.461,-87.202,-94.713,-84.832,-86.433,-89.085,-89.624,-86.898,-88.317,-88.726,-89.737,-87.174,-90.685,-91.206,-88.878,-85.487,-89.060,-89.843,-89.623,-85.766,-83.312,-89.155,-94.264,-88.935,-88.879,-91.265,-88.006,-88.629,-86.409,-90.578,-89.564,-88.733,-90.358,-92.263,-86.178,-85.698,-89.075,-85.117,-85.685,-84.974,-85.582,-89.376,-87.236,-88.081,-83.782
285.564,-55.273,-95.778,-94.174,-89.388,-88.595,-91.361,-88.685,-90.304,-90.011,-86.543,-89.351,-87.003,-88.282,-81.822,-84.071,-88.033,-94.293,-94.295,-90.724,-86.657,-85.580,-85.708,-87.535,-93.473,-86.884,-86.810,-93.437,-93.877,-86.737,-86.729,-89.766,-90.834,-90.561,-92.984,-89.867,-88.129,-87.624,-88.537,-90.501,-88.050,-90.332,-89.902,-87.152,-85.098,-92.124,-93.496,-92.362,-86.267,-89.057,-84.214,-89.689,-91.299,-87.720,-88.983,-85.415,-85.608,-91.340,-90.621,-90.130,-89.755,-90.196,-86.740,-86.155,-96.143,-85.533,-91.173,-85.607,-85.436,-87.135,-87.278,-88.178,-87.003,-86.564,-88.642,-87.104,-89.738,-91.362,-94.674,-94.747,-90.063,-91.423,-85.320,-85.350,-89.273,-89.305,-89.025,-90.334,-88.549,-89.155,-90.072,-91.708,-91.554,-87.413,-86.581,-90.495,-89.222,-89.520,-85.046,-92.318,-90.711,-87.733,-85.148
294.902,-55.273,-93.335,-90.460,-86.202,-87.327,-90.551,-89.170,-88.070,-88.711,-92.736,-89.900,-87.771,-87.717,-88.030,-87.964,-85.665,-87.424,-91.732,-86.048,-83.938,-82.578,-87.678,-90.988,-94.902,-90.696,-92.483,-87.529,-87.556,-90.296,-88.565,-88.329,-88.296,-86.526,-86.885,-89.836,-84.899,-84.877,-91.133,-87.210,-90.321,-89.816,-82.899,-84.834,-85.162,-88.340,-86.156,-92.895,-91.988,-92.190,-89.392,-87.506,-87.557,-87.302,-85.863,-88.774,-89.920,-85.240,-85.602,-89.836,-88.465,-86.848,-86.172,-89.694,-88.554,-88.342,-89.516,-87.034,-93.191,-88.136,-93.068,-88.965,-92.541,-83.981,-85.905,-85.432,-89.898,-91.624,-85.889,-87.003,-90.151,-88.622,-91.925,-94.197,-89.403,-85.874,-82.918,-89.848,-92.542,-96.101,-89.109,-88.572,-90.318,-88.955,-96.235,-91.432,-90.079,-90.668,-88.006,-87.948,-88.044,-88.713,-88.713
304.241,-55.273,-88.529,-85.619,-85.545,-85.192,-83.719,-85.920,-85.692,-86.730,-86.735,-90.644,-84.536,-84.501,-86.728,-92.274,-87.755,-91.775,-87.067,-87.297,-87.493,-87.497,-90.186,-88.893,-87.125,-87.496,-89.468,-86.409,-83.135,-88.976,-88.448,-89.483,-93.227,-91.517,-86.168,-86.192,-89.903,-84.526,-84.346,-87.988,-90.987,-89.262,-84.084,-85.832,-88.560,-88.489,-88.790,-94.128,-88.068,-84.188,-84.180,-96.626,-88.111,-89.327,-89.215,-89.633,-90.949,-88.142,-88.143,-96.984,-96.156,-89.948,-87.208,-86.998,-92.779,-90.521,-90.767,-87.065,-88.165,-91.508,-86.989,-88.209,-89.573,-84.115,-85.453,-90.444,-84.921,-85.035,-86.490,-88.690,-92.804,-91.409,-88.958,-85.112,-83.117,-91.922,-87.479,-85.048,-85.129,-87.832,-87.739,-88.800,-92.666,-90.755,-88.521,-87.134,-87.769,-86.414,-86.238,-91.576,-89.203,-89.461,-89.658
313.580,-55.273,-1000.000,-1000.000,-1000.000,-1000.000,-1000.000,-1000.000,-1000.000,-1000.000,-1000.000,-1000.000,-1000.000,-1000.000,-1000.000,-1000.000,-1000.000,-1000.000,-1000.000,-1000.000,-1000.000,-1000.000,-1000.000,-1000.000,-1000.000,-1000.000,-1000.000,-1000.000,-1000.000,-1000.000,-1000.000,-1000.000,-1000.000,-1000.000,-1000.000,-1000.000,-1000.000,-1000.000,-1000.000,-1000.000,-1000.000,-1000.000,-1000.000,-1000.000,-1000.000,-1000.000,-1000.000,-1000.000,-1000.000,-1000.000,-1000.000,-1000.000,-1000.000,-1000.000,-1000.000,-1000.000,-1000.000,-1000.000,-1000.000,-1000.000,-1000.000,-1000.000,-1000.000,-1000.000,-1000.000,-1000.000,-1000.000,-1000.000,-1000.000,-1000.000,-1000.000,-1000.000,-1000.000,-1000.000,-1000.000,-1000.000,-1000.000,-1000.000,-1000.000,-1000.000,-1000.000,-1000.000,-1000.000,-1000.000,-1000.000,-1000.000,-1000.000,-1000.000,-1000.000,-1000.000,-1000.000,-1000.000,-1000.000,-1000.000,-1000.000,-1000.000,-1000.000,-1000.000,-1000.000,-1000.000,-1000.000,-1000.000,-1000.000
322.919,-55.273,-1000.000,-1000.000,-1000.000,-1000.000,-1000.000,-1000.000,-1000.000,-1000.000,-1000.000,-1000.000,-1000.000,-1000.000,-1000.000,-1000.000,-1000.000,-1000.000,-1000.000,-1000.000,-1000.000,-1000.000,-1000.000,-1000.000,-1000.000,-1000.000,-1000.000,-1000.000,-1000.000,-1000.000,-1000.000,-1000.000,-1000.000,-1000.000,-1000.000,-1000.000,-1000.000,-1000.000,-1000.000,-1000.000,-1000.000,-1000.000,-1000.000,-1000.000,-1000.000,-1000.000,-1000.000,-1000.000,-1000.000,-1000.000,-1000.000,-1000.000,-1000.000,-1000.000,-1000.000,-1000.000,-1000.000,-1000.000,-1000.000,-1000.000,-1000.000,-1000.000,-1000.000,-1000.000,-1000.000,-1000.000,-1000.000,-1000.000,-1000.000,-1000.000,-1000.000,-1000.000,-1000.000,-1000.000,-1000.000,-1000.000,-1000.000,-1000.000,-1000.000,-1000.000,-1000.000,-1000.000,-1000.000,-1000.000,-1000.000,-1000.000,-1000.000,-1000.000,-1000.000,-1000.000,-1000.000,-1000.000,-1000.000,-1000.000,-1000.000,-1000.000,-1000.000,-1000.000,-1000.000,-1000.000,-1000.000,-1000.000,-1000.000
332.257,-55.273,-88.226,-92.991,-90.720,-89.680,-92.564,-93.105,-96.705,-90.974,-89.230,-86.112,-90.390,-87.617,-88.671,-88.599,-88.447,-88.583,-88.648,-87.849,-89.753,-86.558,-91.836,-88.818,-89.289,-88.061,-90.007,-88.965,-92.531,-88.164,-85.834,-88.310,-88.225,-91.568,-89.743,-92.681,-89.013,-85.502,-89.154,-88.984,-82.660,-91.063,-87.266,-86.643,-86.513,-91.830,-87.295,-85.564,-88.309,-93.079,-86.615,-86.363,-88.014,-94.399,-88.401,-88.499,-88.977,-89.073,-89.317,-92.637,-88.848,-88.864,-88.401,-84.771,-85.330,-92.771,-85.342,-84.845,-87.249,-90.832,-94.939,-90.394,-84.924,-83.420,-87.201,-90.708,-88.497,-91.451,-93.031,-88.767,-89.363,-89.441,-86.288,-87.128,-84.600,-84.318,-90.001,-88.031,-87.369,-94.040,-84.365,-83.951,-86.258,-89.633,-89.233,-85.706,-87.388,-85.181,-84.635,-87.104,-91.098,-88.666,-88.104
248.209,-53.826,-87.439,-87.199,-83.551,-91.232,-89.059,-86.771,-88.160,-85.707,-86.556,-91.752,-89.769,-84.098,-86.515,-90.441,-85.961,-86.571,-87.769,-88.254,-86.215,-89.420,-88.146,-85.661,-90.494,-90.551,-87.694,-88.417,-87.556,-88.145,-92.083,-94.682,-91.228,-87.085,-86.428,-90.554,-87.691,-87.069,-93.048,-96.931,-87.279,-91.862,-90.400,-85.965,-86.886,-91.673,-90.559,-90.043,-91.642,-92.996,-91.118,-93.510,-92.988,-93.043,-88.546,-87.536,-88.195,-95.112,-96.254,-92.401,-89.721,-86.092,-87.499,-90.784,-87.549,-90.163,-92.892,-89.784,-96.573,-94.982,-91.240,-93.981,-90.634,-90.144,-84.290,-85.429,-86.596,-91.590,-89.769,-91.670,-85.755,-89.530,-88.603,-87.817,-85.680,-87.887,-89.451,-83.821,-91.158,-86.549,-85.780,-89.127,-91.633,-87.580,-90.204,-86.797,-86.961,-88.070,-88.072,-87.488,-87.538,-89.783,-88.205
257.547,-53.826,-88.259,-88.991,-91.906,-95.398,-87.857,-86.169,-88.309,-90.531,-87.176,-85.741,-86.198,-84.008,-84.297,-88.924,-85.167,-85.659,-85.642,-88.874,-87.701,-87.673,-90.447,-89.306,-91.318,-93.521,-92.331,-89.845,-88.988,-90.867,-84.330,-85.721,-84.641,-87.636,-86.295,-86.047,-91.659,-92.144,-89.457,-84.320,-87.570,-86.069,-84.328,-88.103,-89.250,-87.353,-90.402,-89.162,-83.753,-83.452,-86.520,-88.247,-87.260,-91.176,-86.506,-86.036,-87.494,-88.130,-87.224,-85.310,-90.726,-86.730,-84.038,-84.705,-84.557,-87.869,-89.669,-86.758,-84.756,-89.498,-89.495,-86.968,-86.782,-90.444,-91.258,-90.329,-86.703,-86.940,-92.383,-89.427,-89.177,-93.416,-85.417,-84.673,-90.274,-88.188,-86.165,-89.401,-87.763,-92.100,-90.015,-87.233,-87.775,-87.414,-87.959,-89.593,-87.820,-83.959,-84.386,-85.041,-83.916,-84.770,-86.657
266.886,-53.826,-1000.000,-1000.000,-1000.000,-1000.000,-1000.000,-1000.000,-1000.000,-1000.000,-1000.000,-1000.000,-1000.000,-1000.000,-1000.000,-1000.000,-1000.000,-1000.000,-1000.000,-1000.000,-1000.000,-1000.000,-1000.000,-1000.000,-1000.000,-1000.000,-1000.000,-1000.000,-1000.000,-1000.000,-1000.000,-1000.000,-1000.000,-1000.000,-1000.000,-1000.000,-1000.000,-1000.000,-1000.000,-1000.000,-1000.000,-1000.000,-1000.000,-1000.000,-1000.000,-1000.000,-1000.000,-1000.000,-1000.000,-1000.000,-1000.000,-1000.000,-1000.000,-1000.000,-1000.000,-1000.000,-1000.000,-1000.000,-1000.000,-1000.000,-1000.000,-1000.000,-1000.000,-1000.000,-1000.000,-1000.000,-1000.000,-1000.000,-1000.000,-1000.000,-1000.000,-1000.000,-1000.000,-1000.000,-1000.000,-1000.000,-1000.000,-1000.000,-1000.000,-1000.000,-1000.000,-1000.000,-1000.000,-1000.000,-1000.000,-1000.000,-1000.000,-1000.000,-1000.000,-1000.000,-1000.000,-1000.000,-1000.000,-1000.000,-1000.000,-1000.000,-1000.000,-1000.000,-1000.000,-1000.000,-1000.000,-1000.000,-1000.000
276.225,-53.826,-1000.000,-1000.000,-1000.000,-1000.000,-1000.000,-1000.000,-1000.000,-1000.000,-1000.000,-1000.000,-1000.000,-1000.000,-1000.000,-1000.000,-1000.000,-1000.000,-1000.000,-1000.000,-1000.000,-1000.000,-1000.000,-1000.000,-1000.000,-1000.000,-1000.000,-1000.000,-1000.000,-1000.000,-1000.000,-1000.000,-1000.000,-1000.000,-1000.000,-1000.000,-1000.000,-1000.000,-1000.000,-1000.000,-1000.000,-1000.000,-1000.000,-1000.000,-1000.000,-1000.000,-1000.000,-1000.000,-1000.000,-1000.000,-1000.000,-1000.000,-1000.000,-1000.000,-1000.000,-1000.000,-1000.000,-1000.000,-1000.000,-1000.000,-1000.000,-1000.000,-1000.000,-1000.000,-1000.000,-1000.000,-1000.000,-1000.000,-1000.000,-1000.000,-1000.000,-1000.000,-1000.000,-1000.000,-1000.000,-1000.000,-1000.000,-1000.000,-1000.000,-1000.000,-1000.000,-1000.000,-1000.000,-1000.000,-1000.000,-1000.000,-1000.000,-1000.000,-1000.000,-1000.000,-1000.000,-1000.000,-1000.000,-1000.000,-1000.000,-1000.000,-1000.000,-1000.000,-1000.000,-1000.000,-1000.000,-1000.000,-1000.000
285.564,-53.826,-92.926,-91.384,-93.137,-89.831,-89.290,-88.210,-87.897,-88.427,-90.081,-89.495,-91.859,-89.502,-95.307,-85.964,-86.489,-89.500,-91.522,-89.315,-88.597,-85.821,-85.938,-88.001,-96.539,-88.488,-85.657,-85.174,-91.059,-90.973,-85.590,-90.007,-85.298,-85.090,-85.586,-96.195,-85.393,-85.178,-89.766,-89.703,-92.714,-93.357,-86.646,-87.660,-89.520,-88.419,-83.615,-88.466,-89.157,-93.760,-89.172,-88.567,-87.450,-87.214,-92.222,-88.704,-88.821,-88.138,-89.272,-85.936,-90.234,-89.905,-92.036,-88.138,-88.804,-91.338,-90.324,-89.460,-84.499,-83.385,-89.471,-89.027,-88.877,-92.924,-90.481,-88.266,-91.266,-92.988,-92.103,-92.955,-84.131,-87.863,-87.405,-87.580,-87.804,-87.361,-87.224,-93.624,-90.719,-86.278,-93.539,-85.882,-85.811,-90.997,-88.504,-89.588,-89.604,-91.066,-87.529,-88.680,-85.069,-84.864,-87.661
294.902,-53.826,-90.425,-90.930,-88.757,-92.327,-89.140,-88.831,-87.470,-89.012,-91.678,-87.403,-86.184,-86.184,-84.711,-82.652,-88.687,-89.864,-85.706,-83.088,-89.267,-90.617,-86.819,-87.988,-93.375,-90.487,-86.763,-86.706,-86.605,-90.150,-93.900,-89.457,-89.300,-84.856,-86.685,-91.494,-91.966,-87.944,-85.812,-85.509,-87.658,-87.860,-85.732,-86.730,-88.073,-87.315,-93.599,-94.400,-86.626,-87.546,-89.627,-86.305,-92.291,-89.646,-90.802,-86.484,-84.026,-89.452,-89.074,-93.714,-94.795,-87.330,-90.292,-91.115,-83.978,-84.704,-86.590,-87.580,-89.883,-91.348,-91.474,-86.641,-87.160,-88.833,-93.846,-88.096,-87.656,-86.349,-88.101,-85.848,-84.787,-83.802,-84.586,-86.637,-88.347,-90.464,-86.580,-91.694,-92.660,-91.352,-91.469,-90.284,-84.462,-87.464,-94.199,-87.852,-90.539,-92.491,-85.829,-88.243,-91.247,-85.947,-86.898
304.241,-53.826,-1000.000,-1000.000,-1000.000,-1000.000,-1000.000,-1000.000,-1000.000,-1000.000,-1000.000,-1000.000,-1000.000,-1000.000,-1000.000,-1000.000,-1000.000,-1000.000,-1000.000,-1000.000,-1000.000,-1000.000,-1000.000,-1000.000,-1000.000,-1000.000,-1000.000,-1000.000,-1000.000,-1000.000,-1000.000,-1000.000,-1000.000,-1000.000,-1000.000,-1000.000,-1000.000,-1000.000,-1000.000,-1000.000,-1000.000,-1000.000,-1000.000,-1000.000,-1000.000,-1000.000,-1000.000,-1000.000,-1000.000,-1000.000,-1000.000,-1000.000,-1000.000,-1000.000,-1000.000,-1000.000,-1000.000,-1000.000,-1000.000,-1000.000,-1000.000,-1000.000,-1000.000,-1000.000,-1000.000,-1000.000,-1000.000,-1000.000,-1000.000,-1000.000,-1000.000,-1000.000,-1000.000,-1000.000,-1000.000,-1000.000,-1000.000,-1000.000,-1000.000,-1000.000,-1000.000,-1000.000,-1000.000,-1000.000,-1000.000,-1000.000,-1000.000,-1000.000,-1000.000,-1000.000,-1000.000,-1000.000,-1000.000,-1000.000,-1000.000,-1000.000,-1000.000,-1000.000,-1000.000,-1000.000,-1000.000,-1000.000,-1000.000
313.580,-53.826,-1000.000,-1000.000,-1000.000,-1000.000,-1000.000,-1000.000,-1000.000,-1000.000,-1000.000,-1000.000,-1000.000,-1000.000,-1000.000,-1000.000,-1000.000,-1000.000,-1000.000,-1000.000,-1000.000,-1000.000,-1000.000,-1000.000,-1000.000,-1000.000,-1000.000,-1000.000,-1000.000,-1000.000,-1000.000,-1000.000,-1000.000,-1000.000,-1000.000,-1000.000,-1000.000,-1000.000,-1000.000,-1000.000,-1000.000,-1000.000,-1000.000,-1000.000,-1000.000,-1000.000,-1000.000,-1000.000,-1000.000,-1000.000,-1000.000,-1000.000,-1000.000,-1000.000,-1000.000,-1000.000,-1000.000,-1000.000,-1000.000,-1000.000,-1000.000,-1000.000,-1000.000,-1000.000,-1000.000,-1000.000,-1000.000,-1000.000,-1000.000,-1000.000,-1000.000,-1000.000,-1000.000,-1000.000,-1000.000,-1000.000,-1000.000,-1000.000,-1000.000,-1000.000,-1000.000,-1000.000,-1000.000,-1000.000,-1000.000,-1000.000,-1000.000,-1000.000,-1000.000,-1000.000,-1000.000,-1000.000,-1000.000,-1000.000,-1000.000,-1000.000,-1000.000,-1000.000,-1000.000,-1000.000,-1000.000,-1000.000,-1000.000
322.919,-53.826,-1000.000,-1000.000,-1000.000,-1000.000,-1000.000,-1000.000,-1000.000,-1000.000,-1000.000,-1000.000,-1000.000,-1000.000,-1000.000,-1000.000,-1000.000,-1000.000,-1000.000,-1000.000,-1000.000,-1000.000,-1000.000,-1000.000,-1000.000,-1000.000,-1000.000,-1000.000,-1000.000,-1000.000,-1000.000,-1000.000,-1000.000,-1000.000,-1000.000,-1000.000,-1000.000,-1000.000,-1000.000,-1000.000,-1000.000,-1000.000,-1000.000,-1000.000,-1000.000,-1000.000,-1000.000,-1000.000,-1000.000,-1000.000,-1000.000,-1000.000,-1000.000,-1000.000,-1000.000,-1000.000,-1000.000,-1000.000,-1000.000,-1000.000,-1000.000,-1000.000,-1000.000,-1000.000,-1000.000,-1000.000,-1000.000,-1000.000,-1000.000,-1000.000,-1000.000,-1000.000,-1000.000,-1000.000,-1000.000,-1000.000,-1000.000,-1000.000,-1000.000,-1000.000,-1000.000,-1000.000,-1000.000,-1000.000,-1000.000,-1000.000,-1000.000,-1000.000,-1000.000,-1000.000,-1000.000,-1000.000,-1000.000,-1000.000,-1000.000,-1000.000,-1000.000,-1000.000,-1000.000,-1000.000,-1000.000,-1000.000,-1000.000
332.257,-53.826,-97.423,-88.802,-87.937,-90.563,-89.204,-94.182,-85.455,-85.621,-91.091,-88.841,-92.206,-87.246,-87.110,-87.218,-86.149,-93.385,-90.252,-87.125,-89.088,-84.103,-89.751,-89.954,-86.633,-87.286,-85.201,-85.578,-85.480,-90.961,-90.092,-90.336,-87.549,-85.098,-82.559,-87.651,-90.558,-90.667,-91.502,-87.278,-95.889,-88.805,-89.007,-89.596,-88.031,-88.006,-90.410,-93.129,-86.702,-88.337,-87.786,-92.005,-85.423,-91.803,-87.163,-87.775,-86.434,-86.433,-90.323,-88.245,-92.874,-89.972,-89.228,-88.232,-89.688,-87.775,-92.304,-91.135,-93.736,-90.684,-87.010,-89.280,-87.036,-88.129,-87.746,-88.398,-92.319,-91.322,-90.962,-87.225,-86.848,-90.249,-88.560,-94.033,-87.264,-87.515,-85.060,-90.118,-88.647,-84.951,-91.613,-84.279,-93.159,-90.018,-87.233,-89.130,-91.101,-90.712,-91.013,-86.489,-91.826,-91.245,-89.065
248.209,-52.379,-1000.000,-1000.000,-1000.000,-1000.000,-1000.000,-1000.000,-1000.000,-1000.000,-1000.000,-1000.000,-1000.000,-1000.000,-1000.000,-1000.000,-1000.000,-1000.000,-1000.000,-1000.000,-1000.000,-1000.000,-1000.000,-1000.000,-1000.000,-1000.000,-1000.000,-1000.000,-1000.000,-1000.000,-1000.000,-1000.000,-1000.000,-1000.000,-1000.000,-1000.000,-1000.000,-1000.000,-1000.000,-1000.000,-1000.000,-1000.000,-1000.000,-1000.000,-1000.000,-1000.000,-1000.000,-1000.000,-1000.000,-1000.000,-1000.000,-1000.000,-1000.000,-1000.000,-1000.000,-1000.000,-1000.000,-1000.000,-1000.000,-1000.000,-1000.000,-1000.000,-1000.000,-1000.000,-1000.000,-1000.000,-1000.000,-1000.000,-1000.000,-1000.000,-1000.000,-1000.000,-1000.000,-1000.000,-1000.000,-1000.000,-1000.000,-1000.000,-1000.000,-1000.000,-1000.000,-1000.000,-1000.000,-1000.000,-1000.000,-1000.000,-1000.000,-1000.000,-1000.000,-1000.000,-1000.000,-1000.000,-1000.000,-1000.000,-1000.000,-1000.000,-1000.000,-1000.000,-1000.000,-1000.000,-1000.000,-1000.000,-1000.000
257.547,-52.379,-86.111,-85.103,-94.915,-86.710,-86.648,-88.873,-93.312,-87.425,-88.593,-88.042,-87.374,-87.255,-87.273,-88.139,-88.300,-87.362,-86.037,-85.616,-87.481,-92.349,-92.152,-90.186,-87.482,-88.186,-87.974,-90.206,-95.111,-92.279,-88.813,-89.452,-89.590,-90.102,-89.938,-91.207,-87.977,-88.822,-90.284,-94.086,-86.256,-89.910,-88.312,-86.747,-94.496,-90.660,-87.705,-88.524,-90.762,-87.350,-86.726,-85.126,-87.541,-86.977,-86.713,-88.368,-87.914,-87.791,-89.023,-84.218,-86.515,-84.526,-84.531,-89.344,-92.989,-85.560,-92.234,-85.764,-86.035,-88.295,-87.842,-87.829,-86.340,-90.422,-91.782,-92.985,-98.654,-91.422,-91.838,-88.755,-89.571,-89.489,-85.946,-85.554,-88.120,-88.103,-88.743,-87.854,-90.811,-86.777,-90.059,-91.091,-88.890,-88.912,-87.656,-87.933,-89.350,-88.143,-88.663,-90.509,-88.840,-92.389,-92.762
266.886,-52.379,-89.377,-91.092,-90.123,-92.489,-88.974,-89.979,-87.961,-88.003,-92.732,-89.960,-87.586,-86.640,-86.199,-82.013,-89.160,-88.875,-88.441,-93.552,-86.070,-85.691,-87.203,-88.852,-87.447,-87.392,-85.446,-85.856,-87.283,-88.829,-89.866,-89.002,-87.660,-91.284,-89.293,-90.145,-85.432,-83.088,-84.744,-86.388,-87.042,-97.989,-87.690,-83.951,-84.379,-84.764,-89.745,-87.402,-89.703,-92.277,-88.183,-90.754,-88.976,-92.541,-88.811,-90.332,-93.846,-92.083,-88.403,-91.783,-88.657,-92.585,-92.646,-86.318,-86.558,-91.511,-90.701,-86.263,-90.310,-91.254,-91.415,-85.584,-85.594,-87.075,-92.936,-89.378,-87.754,-88.780,-89.511,-96.617,-87.404,-88.447,-85.379,-88.303,-92.133,-81.623,-84.806,-86.711,-87.185,-93.481,-92.538,-94.718,-93.257,-89.517,-88.893,-89.663,-88.204,-85.871,-85.038,-88.614,-88.090,-85.461,-87.473
276.225,-52.379,-88.157,-92.888,-87.169,-87.905,-88.127,-88.645,-87.125,-93.583,-86.289,-88.099,-87.228,-88.666,-88.326,-87.867,-89.231,-85.919,-90.568,-89.805,-87.743,-88.451,-87.638,-88.304,-91.800,-87.068,-93.324,-89.345,-87.559,-90.362,-94.282,-90.409,-87.073,-88.124,-89.756,-90.351,-87.907,-93.990,-84.479,-84.560,-87.539,-86.901,-84.479,-85.265,-86.813,-86.740,-88.991,-85.568,-86.314,-86.381,-86.942,-84.773,-92.374,-94.382,-89.371,-90.709,-84.411,-86.859,-88.330,-88.934,-89.514,-88.502,-90.007,-87.889,-88.436,-89.349,-89.755,-87.181,-89.149,-93.516,-89.514,-88.831,-87.942,-92.020,-89.071,-84.826,-89.191,-89.755,-87.803,-90.553,-87.821,-89.398,-91.073,-91.956,-88.368,-89.063,-89.031,-86.951,-88.597,-83.327,-83.913,-89.860,-87.464,-89.841,-94.006,-89.008,-91.068,-94.498,-90.005,-92.897,-87.884,-88.794,-91.687
285.564,-52.379,-88.434,-85.857,-91.627,-97.217,-88.306,-90.595,-85.139,-86.359,-88.708,-83.686,-88.193,-91.182,-90.358,-88.274,-88.278,-89.101,-93.254,-90.935,-91.447,-87.618,-87.481,-87.523,-90.108,-88.568,-83.936,-90.918,-89.937,-87.242,-88.403,-88.366,-88.295,-86.180,-85.726,-86.378,-89.157,-94.375,-91.282,-88.719,-88.771,-91.377,-89.868,-88.095,-96.398,-86.477,-85.715,-85.935,-82.447,-88.558,-91.003,-86.256,-83.710,-91.099,-87.380,-88.188,-87.524,-85.274,-88.271,-87.971,-90.762,-85.269,-86.320,-88.291,-87.672,-85.024,-87.661,-88.179,-88.639,-91.139,-89.844,-89.420,-92.161,-90.822,-90.029,-90.282,-85.467,-86.796,-91.518,-89.886,-86.460,-85.504,-86.250,-88.235,-86.941,-88.357,-88.062,-87.432,-87.526,-86.372,-92.851,-90.988,-90.845,-84.322,-85.886,-88.534,-93.582,-84.900,-84.946,-90.607,-89.747,-89.850,-89.425
294.902,-52.379,-1000.000,-1000.000,-1000.000,-1000.000,-1000.000,-1000.000,-1000.000,-1000.000,-1000.000,-1000.000,-1000.000,-1000.000,-1000.000,-1000.000,-1000.000,-1000.000,-1000.000,-1000.000,-1000.000,-1000.000,-1000.000,-1000.000,-1000.000,-1000.000,-1000.000,-1000.000,-1000.000,-1000.000,-1000.000,-1000.000,-1000.000,-1000.000,-1000.000,-1000.000,-1000.000,-1000.000,-1000.000,-1000.000,-1000.000,-1000.000,-1000.000,-1000.000,-1000.000,-1000.000,-1000.000,-1000.000,-1000.000,-1000.000,-1000.000,-1000.000,-1000.000,-1000.000,-1000.000,-1000.000,-1000.000,-1000.000,-1000.000,-1000.000,-1000.000,-1000.000,-1000.000,-1000.000,-1000.000,-1000.000,-1000.000,-1000.000,-1000.000,-1000.000,-1000.000,-1000.000,-1000.000,-1000.000,-1000.000,-1000.000,-1000.000,-1000.000,-1000.000,-1000.000,-1000.000,-1000.000,-1000.000,-1000.000,-1000.000,-1000.000,-1000.000,-1000.000,-1000.000,-1000.000,-1000.000,-1000.000,-1000.000,-1000.000,-1000.000,-1000.000,-1000.000,-1000.000,-1000.000,-1000.000,-1000.000,-1000.000,-1000.000
304.241,-52.379,-87.387,-89.948,-88.104,-87.764,-86.285,-86.346,-87.952,-86.242,-85.618,-86.237,-85.834,-86.450,-88.090,-84.955,-84.370,-85.326,-87.571,-87.885,-85.757,-89.603,-88.057,-87.166,-94.918,-88.254,-88.437,-86.980,-86.461,-90.999,-89.045,-84.668,-90.571,-85.320,-88.223,-88.619,-88.623,-86.011,-88.315,-87.837,-86.734,-82.996,-83.051,-86.965,-87.106,-86.208,-86.185,-86.644,-86.679,-87.504,-89.320,-87.164,-86.024,-86.594,-86.590,-90.486,-87.091,-84.333,-86.252,-87.463,-84.180,-88.056,-88.086,-88.060,-90.095,-88.286,-87.410,-88.863,-86.235,-86.464,-86.363,-85.882,-86.169,-86.182,-86.467,-84.977,-85.779,-85.054,-92.235,-90.803,-90.726,-88.822,-86.519,-86.022,-89.281,-89.749,-85.095,-85.194,-85.498,-85.498,-87.298,-84.402,-89.289,-87.276,-86.365,-86.123,-86.115,-87.982,-85.519,-85.675,-85.988,-86.640,-83.980
313.580,-52.379,-1000.000,-1000.000,-1000.000,-1000.000,-1000.000,-1000.000,-1000.000,-1000.000,-1000.000,-1000.000,-1000.000,-1000.000,-1000.000,-1000.000,-1000.000,-1000.000,-1000.000,-1000.000,-1000.000,-1000.000,-1000.000,-1000.000,-1000.000,-1000.000,-1000.000,-1000.000,-1000.000,-1000.000,-1000.000,-1000.000,-1000.000,-1000.000,-1000.000,-1000.000,-1000.000,-1000.000,-1000.000,-1000.000,-1000.000,-1000.000,-1000.000,-1000.000,-1000.000,-1000.000,-1000.000,-1000.000,-1000.000,-1000.000,-1000.000,-1000.000,-1000.000,-1000.000,-1000.000,-1000.000,-1000.000,-1000.000,-1000.000,-1000.000,-1000.000,-1000.000,-1000.000,-1000.000,-1000.000,-1000.000,-1000.000,-1000.000,-1000.000,-1000.000,-1000.000,-1000.000,-1000.000,-1000.000,-1000.000,-1000.000,-1000.000,-1000.000,-1000.000,-1000.000,-1000.000,-1000.000,-1000.000,-1000.000,-1000.000,-1000.000,-1000.000,-1000.000,-1000.000,-1000.000,-1000.000,-1000.000,-1000.000,-1000.000,-1000.000,-1000.000,-1000.000,-1000.000,-1000.000,-1000.000,-1000.000,-1000.000,-1000.000
322.919,-52.379,-1000.000,-1000.000,-1000.000,-1000.000,-1000.000,-1000.000,-1000.000,-1000.000,-1000.000,-1000.000,-1000.000,-1000.000,-1000.000,-1000.000,-1000.000,-1000.000,-1000.000,-1000.000,-1000.000,-1000.000,-1000.000,-1000.000,-1000.000,-1000.000,-1000.000,-1000.000,-1000.000,-1000.000,-1000.000,-1000.000,-1000.000,-1000.000,-1000.000,-1000.000,-1000.000,-1000.000,-1000.000,-1000.000,-1000.000,-1000.000,-1000.000,-1000.000,-1000.000,-1000.000,-1000.000,-1000.000,-1000.000,-1000.000,-1000.000,-1000.000,-1000.000,-1000.000,-1000.000,-1000.000,-1000.000,-1000.000,-1000.000,-1000.000,-1000.000,-1000.000,-1000.000,-1000.000,-1000.000,-1000.000,-1000.000,-1000.000,-1000.000,-1000.000,-1000.000,-1000.000,-1000.000,-1000.000,-1000.000,-1000.000,-1000.000,-1000.000,-1000.000,-1000.000,-1000.000,-1000.000,-1000.000,-1000.000,-1000.000,-1000.000,-1000.000,-1000.000,-1000.000,-1000.000,-1000.000,-1000.000,-1000.000,-1000.000,-1000.000,-1000.000,-1000.000,-1000.000,-1000.000,-1000.000,-1000.000,-1000.000,-1000.000
332.257,-52.379,-87.711,-83.629,-90.431,-88.527,-88.238,-84.699,-89.990,-87.478,-88.192,-86.350,-86.730,-88.487,-91.472,-85.748,-91.655,-85.338,-88.352,-92.956,-93.755,-88.848,-85.591,-91.296,-85.384,-86.586,-85.930,-87.487,-93.842,-89.794,-87.730,-90.535,-91.298,-86.368,-86.386,-87.449,-85.347,-88.296,-89.849,-89.837,-86.093,-88.121,-88.270,-88.465,-84.358,-89.836,-90.279,-86.959,-86.814,-88.179,-89.585,-83.745,-83.951,-89.957,-92.088,-96.189,-87.925,-87.923,-89.364,-87.075,-82.897,-87.581,-87.137,-90.180,-86.603,-86.800,-89.788,-90.065,-98.141,-89.678,-88.514,-91.247,-83.925,-83.923,-88.014,-88.193,-84.026,-90.391,-93.166,-89.756,-86.579,-90.887,-92.245,-89.340,-92.723,-90.453,-91.226,-85.838,-87.416,-87.357,-92.127,-86.669,-86.567,-87.079,-89.012,-93.094,-90.994,-90.900,-89.564,-87.016,-86.952,-88.601,-85.520
248.209,-50.932,-1000.000,-1000.000,-1000.000,-1000.000,-1000.000,-1000.000,-1000.000,-1000.000,-1000.000,-1000.000,-1000.000,-1000.000,-1000.000,-1000.000,-1000.000,-1000.000,-1000.000,-1000.000,-1000.000,-1000.000,-1000.000,-1000.000,-1000.000,-1000.000,-1000.000,-1000.000,-1000.000,-1000.000,-1000.000,-1000.000,-1000.000,-1000.000,-1000.000,-1000.000,-1000.000,-1000.000,-1000.000,-1000.000,-1000.000,-1000.000,-1000.000,-1000.000,-1000.000,-1000.000,-1000.000,-1000.000,-1000.000,-1000.000,-1000.000,-1000.000,-1000.000,-1000.000,-1000.000,-1000.000,-1000.000,-1000.000,-1000.000,-1000.000,-1000.000,-1000.000,-1000.000,-1000.000,-1000.000,-1000.000,-1000.000,-1000.000,-1000.000,-1000.000,-1000.000,-1000.000,-1000.000,-1000.000,-1000.000,-1000.000,-1000.000,-1000.000,-1000.000,-1000.000,-1000.000,-1000.000,-1000.000,-1000.000,-1000.000,-1000.000,-1000.000,-1000.000,-1000.000,-1000.000,-1000.000,-1000.000,-1000.000,-1000.000,-1000.000,-1000.000,-1000.000,-1000.000,-1000.000,-1000.000,-1000.000,-1000.000,-1000.000
257.547,-50.932,-86.484,-86.518,-86.905,-89.450,-89.028,-90.896,-90.419,-88.258,-91.327,-86.654,-86.555,-90.486,-92.375,-85.748,-88.442,-94.361,-87.346,-87.363,-88.378,-91.888,-90.928,-83.520,-83.530,-89.384,-92.119,-87.590,-88.728,-90.118,-91.199,-91.453,-91.454,-92.718,-95.545,-95.266,-88.152,-85.689,-86.452,-89.329,-92.600,-92.457,-91.781,-94.156,-86.001,-91.012,-90.695,-88.740,-88.698,-87.890,-85.962,-92.828,-88.451,-86.731,-88.870,-83.502,-85.475,-90.346,-90.343,-96.083,-88.346,-91.670,-89.502,-86.351,-87.035,-91.314,-90.976,-91.153,-84.765,-86.379,-88.698,-88.553,-86.800,-87.861,-89.093,-91.975,-93.016,-87.329,-88.473,-86.457,-84.898,-84.817,-89.510,-89.369,-89.172,-89.633,-85.719,-87.483,-84.840,-87.363,-92.779,-93.571,-88.136,-88.976,-87.493,-88.412,-88.579,-90.678,-88.311,-85.639,-85.694,-92.123,-93.298
266.886,-50.932,-88.733,-89.236,-89.445,-87.240,-87.447,-88.207,-88.272,-88.051,-89.172,-89.287,-86.462,-86.555,-87.568,-91.816,-87.025,-86.042,-88.600,-87.735,-87.419,-84.347,-87.575,-86.586,-86.860,-86.358,-84.669,-87.835,-86.628,-86.685,-87.198,-88.477,-89.378,-89.856,-85.543,-84.826,-87.809,-89.909,-85.740,-85.740,-85.231,-85.672,-84.686,-85.000,-83.944,-89.260,-89.847,-95.734,-90.063,-90.505,-88.625,-87.782,-87.778,-89.112,-86.808,-87.031,-89.199,-83.641,-84.288,-88.170,-85.758,-88.494,-89.798,-86.515,-89.584,-87.951,-86.243,-88.477,-83.255,-82.856,-85.211,-85.400,-85.027,-85.154,-88.086,-91.150,-88.191,-86.724,-86.145,-88.085,-86.994,-84.429,-84.639,-84.942,-86.805,-88.177,-89.265,-88.416,-87.793,-83.446,-85.886,-84.822,-85.043,-85.080,-84.729,-84.834,-86.192,-86.571,-86.071,-83.376,-83.375,-88.662,-88.861
276.225,-50.932,-1000.000,-1000.000,-1000.000,-1000.000,-1000.000,-1000.000,-1000.000,-1000.000,-1000.000,-1000.000,-1000.000,-1000.000,-1000.000,-1000.000,-1000.000,-1000.000,-1000.000,-1000.000,-1000.000,-1000.000,-1000.000,-1000.000,-1000.000,-1000.000,-1000.000,-1000.000,-1000.000,-1000.000,-1000.000,-1000.000,-1000.000,-1000.000,-1000.000,-1000.000,-1000.000,-1000.000,-1000.000,-1000.000,-1000.000,-1000.000,-1000.000,-1000.000,-1000.000,-1000.000,-1000.000,-1000.000,-1000.000,-1000.000,-1000.000,-1000.000,-1000.000,-1000.000,-1000.000,-1000.000,-1000.000,-1000.000,-1000.000,-1000.000,-1000.000,-1000.000,-1000.000,-1000.000,-1000.000,-1000.000,-1000.000,-1000.000,-1000.000,-1000.000,-1000.000,-1000.000,-1000.000,-1000.000,-1000.000,-1000.000,-1000.000,-1000.000,-1000.000,-1000.000,-1000.000,-1000.000,-1000.000,-1000.000,-1000.000,-1000.000,-1000.000,-1000.000,-1000.000,-1000.000,-1000.000,-1000.000,-1000.000,-1000.000,-1000.000,-1000.000,-1000.000,-1000.000,-1000.000,-1000.000,-1000.000,-1000.000,-1000.000
285.564,-50.932,-1000.000,-1000.000,-1000.000,-1000.000,-1000.000,-1000.000,-1000.000,-1000.000,-1000.000,-1000.000,-1000.000,-1000.000,-1000.000,-1000.000,-1000.000,-1000.000,-1000.000,-1000.000,-1000.000,-1000.000,-1000.000,-1000.000,-1000.000,-1000.000,-1000.000,-1000.000,-1000.000,-1000.000,-1000.000,-1000.000,-1000.000,-1000.000,-1000.000,-1000.000,-1000.000,-1000.000,-1000.000,-1000.000,-1000.000,-1000.000,-1000.000,-1000.000,-1000.000,-1000.000,-1000.000,-1000.000,-1000.000,-1000.000,-1000.000,-1000.000,-1000.000,-1000.000,-1000.000,-1000.000,-1000.000,-1000.000,-1000.000,-1000.000,-1000.000,-1000.000,-1000.000,-1000.000,-1000.000,-1000.000,-1000.000,-1000.000,-1000.000,-1000.000,-1000.000,-1000.000,-1000.000,-1000.000,-1000.000,-1000.000,-1000.000,-1000.000,-1000.000,-1000.000,-1000.000,-1000.000,-1000.000,-1000.000,-1000.000,-1000.000,-1000.000,-1000.000,-1000.000,-1000.000,-1000.000,-1000.000,-1000.000,-1000.000,-1000.000,-1000.000,-1000.000,-1000.000,-1000.000,-1000.000,-1000.000,-1000.000,-1000.000
294.902,-50.932,-85.197,-85.762,-85.760,-88.702,-84.800,-86.698,-84.538,-84.499,-89.912,-88.609,-84.429,-84.499,-84.118,-86.213,-86.373,-88.652,-87.919,-88.528,-90.813,-88.770,-87.562,-84.846,-86.727,-84.370,-83.889,-88.788,-87.478,-87.718,-86.957,-85.710,-84.992,-84.788,-86.798,-84.213,-88.813,-88.822,-89.662,-85.354,-83.067,-83.005,-87.020,-86.821,-87.767,-86.422,-86.322,-87.166,-89.474,-87.176,-87.692,-86.068,-87.940,-85.509,-86.163,-84.746,-84.700,-88.941,-90.265,-87.194,-87.791,-89.249,-85.751,-87.682,-83.293,-85.951,-89.745,-89.921,-89.227,-88.336,-85.370,-84.595,-84.578,-85.388,-88.990,-86.827,-86.778,-88.500,-86.546,-88.314,-84.926,-87.101,-88.034,-87.255,-87.280,-87.253,-88.178,-84.647,-94.187,-88.655,-91.293,-92.262,-89.028,-87.107,-86.582,-88.471,-87.453,-91.885,-85.701,-86.914,-83.549,-88.848,-87.784
304.241,-50.932,-90.580,-92.547,-91.219,-92.129,-92.611,-88.065,-86.031,-84.343,-93.279,-86.995,-86.878,-88.083,-89.138,-93.731,-88.360,-88.919,-87.483,-86.918,-89.100,-81.769,-85.658,-88.140,-89.813,-85.627,-92.929,-88.693,-87.026,-91.911,-92.410,-84.159,-89.044,-88.615,-86.872,-85.876,-85.444,-81.770,-87.723,-86.128,-88.809,-83.294,-85.451,-90.476,-92.813,-86.468,-86.650,-91.420,-91.797,-86.462,-97.117,-91.982,-89.779,-87.209,-87.060,-89.680,-84.645,-90.648,-84.172,-84.186,-92.633,-89.408,-82.953,-83.122,-94.684,-90.184,-86.002,-85.879,-89.154,-94.150,-86.272,-89.853,-87.566,-86.727,-87.485,-88.402,-89.468,-88.071,-87.497,-88.265,-86.649,-87.229,-91.841,-90.703,-90.870,-85.769,-85.438,-90.377,-92.247,-85.498,-87.842,-88.793,-88.933,-85.666,-88.437,-84.968,-85.172,-87.933,-85.786,-87.927,-87.148,-90.552,-88.217
313.580,-50.932,-90.515,-89.703,-87.894,-84.274,-86.657,-91.614,-89.134,-86.266,-85.914,-85.383,-91.794,-89.996,-86.446,-86.548,-88.355,-86.272,-87.751,-90.108,-89.135,-85.836,-85.715,-85.848,-84.921,-85.543,-89.062,-94.357,-94.563,-86.628,-91.563,-87.285,-85.178,-86.197,-89.452,-87.588,-86.668,-86.497,-88.455,-88.911,-88.707,-87.834,-84.873,-82.455,-90.068,-90.136,-89.805,-87.697,-86.466,-86.824,-88.997,-88.899,-89.957,-90.660,-87.955,-88.653,-93.874,-85.545,-85.029,-89.057,-86.504,-86.159,-85.236,-86.088,-86.046,-85.619,-90.359,-86.689,-84.746,-85.007,-86.933,-88.118,-91.628,-88.262,-86.892,-89.644,-89.954,-89.681,-88.187,-88.337,-90.327,-87.108,-86.888,-91.111,-86.453,-86.357,-85.951,-86.864,-86.920,-86.155,-88.187,-85.973,-84.247,-86.897,-87.247,-88.382,-88.040,-83.995,-83.876,-85.187,-84.398,-86.206,-90.998
322.919,-50.932,-87.328,-88.780,-85.980,-88.961,-87.980,-89.902,-89.072,-89.444,-89.210,-89.048,-87.886,-92.019,-91.032,-97.608,-91.123,-88.361,-87.159,-89.081,-90.911,-87.172,-87.864,-87.951,-90.255,-91.344,-86.503,-88.978,-82.600,-88.012,-86.529,-94.713,-88.061,-91.657,-92.030,-86.590,-90.429,-92.764,-90.770,-87.129,-89.399,-85.409,-90.098,-90.895,-85.366,-92.487,-86.045,-91.962,-94.261,-86.862,-86.781,-87.467,-91.935,-87.734,-89.038,-87.865,-90.128,-89.764,-83.744,-90.271,-91.384,-90.877,-89.155,-90.048,-90.268,-93.250,-86.552,-86.154,-87.718,-93.562,-93.226,-90.007,-86.770,-89.731,-87.754,-90.380,-89.689,-91.434,-93.181,-88.032,-87.907,-87.656,-87.280,-90.738,-88.641,-86.259,-86.039,-89.806,-89.418,-88.046,-86.171,-92.164,-90.694,-87.732,-84.944,-86.102,-86.089,-90.702,-90.049,-87.378,-85.531,-88.355,-88.090
332.257,-50.932,-1000.000,-1000.000,-1000.000,-1000.000,-1000.000,-1000.000,-1000.000,-1000.000,-1000.000,-1000.000,-1000.000,-1000.000,-1000.000,-1000.000,-1000.000,-1000.000,-1000.000,-1000.000,-1000.000,-1000.000,-1000.000,-1000.000,-1000.000,-1000.000,-1000.000,-1000.000,-1000.000,-1000.000,-1000.000,-1000.000,-1000.000,-1000.000,-1000.000,-1000.000,-1000.000,-1000.000,-1000.000,-1000.000,-1000.000,-1000.000,-1000.000,-1000.000,-1000.000,-1000.000,-1000.000,-1000.000,-1000.000,-1000.000,-1000.000,-1000.000,-1000.000,-1000.000,-1000.000,-1000.000,-1000.000,-1000.000,-1000.000,-1000.000,-1000.000,-1000.000,-1000.000,-1000.000,-1000.000,-1000.000,-1000.000,-1000.000,-1000.000,-1000.000,-1000.000,-1000.000,-1000.000,-1000.000,-1000.000,-1000.000,-1000.000,-1000.000,-1000.000,-1000.000,-1000.000,-1000.000,-1000.000,-1000.000,-1000.000,-1000.000,-1000.000,-1000.000,-1000.000,-1000.000,-1000.000,-1000.000,-1000.000,-1000.000,-1000.000,-1000.000,-1000.000,-1000.000,-1000.000,-1000.000,-1000.000,-1000.000,-1000.000
248.209,-49.484,-1000.000,-1000.000,-1000.000,-1000.000,-1000.000,-1000.000,-1000.000,-1000.000,-1000.000,-1000.000,-1000.000,-1000.000,-1000.000,-1000.000,-1000.000,-1000.000,-1000.000,-1000.000,-1000.000,-1000.000,-1000.000,-1000.000,-1000.000,-1000.000,-1000.000,-1000.000,-1000.000,-1000.000,-1000.000,-1000.000,-1000.000,-1000.000,-1000.000,-1000.000,-1000.000,-1000.000,-1000.000,-1000.000,-1000.000,-1000.000,-1000.000,-1000.000,-1000.000,-1000.000,-1000.000,-1000.000,-1000.000,-1000.000,-1000.000,-1000.000,-1000.000,-1000.000,-1000.000,-1000.000,-1000.000,-1000.000,-1000.000,-1000.000,-1000.000,-1000.000,-1000.000,-1000.000,-1000.000,-1000.000,-1000.000,-1000.000,-1000.000,-1000.000,-1000.000,-1000.000,-1000.000,-1000.000,-1000.000,-1000.000,-1000.000,-1000.000,-1000.000,-1000.000,-1000.000,-1000.000,-1000.000,-1000.000,-1000.000,-1000.000,-1000.000,-1000.000,-1000.000,-1000.000,-1000.000,-1000.000,-1000.000,-1000.000,-1000.000,-1000.000,-1000.000,-1000.000,-1000.000,-1000.000,-1000.000,-1000.000,-1000.000
257.547,-49.484,-88.986,-89.830,-90.965,-87.968,-88.462,-96.313,-92.116,-92.074,-90.846,-88.334,-88.296,-97.709,-90.573,-84.608,-86.435,-91.009,-86.895,-86.913,-87.248,-86.754,-90.872,-91.258,-91.224,-91.106,-89.591,-88.608,-88.527,-91.179,-87.787,-91.664,-87.224,-87.162,-92.582,-93.848,-91.147,-88.548,-88.944,-89.460,-91.699,-88.745,-87.029,-92.195,-88.803,-96.402,-86.599,-87.150,-88.565,-89.620,-91.780,-89.755,-91.620,-93.464,-88.070,-83.987,-89.640,-89.542,-93.092,-87.250,-92.452,-86.631,-90.118,-90.068,-87.789,-88.953,-92.391,-92.474,-91.729,-92.597,-91.089,-89.718,-91.648,-91.895,-92.653,-90.375,-90.351,-89.256,-86.200,-87.374,-88.857,-91.235,-90.408,-90.094,-85.324,-92.610,-89.443,-90.092,-87.296,-84.287,-90.523,-90.345,-89.982,-88.203,-88.431,-89.947,-85.585,-84.977,-89.264,-89.227,-89.726,-86.514,-85.428
266.886,-49.484,-1000.000,-1000.000,-1000.000,-1000.000,-1000.000,-1000.000,-1000.000,-1000.000,-1000.000,-1000.000,-1000.000,-1000.000,-1000.000,-1000.000,-1000.000,-1000.000,-1000.000,-1000.000,-1000.000,-1000.000,-1000.000,-1000.000,-1000.000,-1000.000,-1000.000,-1000.000,-1000.000,-1000.000,-1000.000,-1000.000,-1000.000,-1000.000,-1000.000,-1000.000,-1000.000,-1000.000,-1000.000,-1000.000,-1000.000,-1000.000,-1000.000,-1000.000,-1000.000,-1000.000,-1000.000,-1000.000,-1000.000,-1000.000,-1000.000,-1000.000,-1000.000,-1000.000,-1000.000,-1000.000,-1000.000,-1000.000,-1000.000,-1000.000,-1000.000,-1000.000,-1000.000,-1000.000,-1000.000,-1000.000,-1000.000,-1000.000,-1000.000,-1000.000,-1000.000,-1000.000,-1000.000,-1000.000,-1000.000,-1000.000,-1000.000,-1000.000,-1000.000,-1000.000,-1000.000,-1000.000,-1000.000,-1000.000,-1000.000,-1000.000,-1000.000,-1000.000,-1000.000,-1000.000,-1000.000,-1000.000,-1000.000,-1000.000,-1000.000,-1000.000,-1000.000,-1000.000,-1000.000,-1000.000,-1000.000,-1000.000,-1000.000
276.225,-49.484,-1000.000,-1000.000,-1000.000,-1000.000,-1000.000,-1000.000,-1000.000,-1000.000,-1000.000,-1000.000,-1000.000,-1000.000,-1000.000,-1000.000,-1000.000,-1000.000,-1000.000,-1000.000,-1000.000,-1000.000,-1000.000,-1000.000,-1000.000,-1000.000,-1000.000,-1000.000,-1000.000,-1000.000,-1000.000,-1000.000,-1000.000,-1000.000,-1000.000,-1000.000,-1000.000,-1000.000,-1000.000,-1000.000,-1000.000,-1000.000,-1000.000,-1000.000,-1000.000,-1000.000,-1000.000,-1000.000,-1000.000,-1000.000,-1000.000,-1000.000,-1000.000,-1000.000,-1000.000,-1000.000,-1000.000,-1000.000,-1000.000,-1000.000,-1000.000,-1000.000,-1000.000,-1000.000,-1000.000,-1000.000,-1000.000,-1000.000,-1000.000,-1000.000,-1000.000,-1000.000,-1000.000,-1000.000,-1000.000,-1000.000,-1000.000,-1000.000,-1000.000,-1000.000,-1000.000,-1000.000,-1000.000,-1000.000,-1000.000,-1000.000,-1000.000,-1000.000,-1000.000,-1000.000,-1000.000,-1000.000,-1000.000,-1000.000,-1000.000,-1000.000,-1000.000,-1000.000,-1000.000,-1000.000,-1000.000,-1000.000,-1000.000
285.564,-49.484,-1000.000,-1000.000,-1000.000,-1000.000,-1000.000,-1000.000,-1000.000,-1000.000,-1000.000,-1000.000,-1000.000,-1000.000,-1000.000,-1000.000,-1000.000,-1000.000,-1000.000,-1000.000,-1000.000,-1000.000,-1000.000,-1000.000,-1000.000,-1000.000,-1000.000,-1000.000,-1000.000,-1000.000,-1000.000,-1000.000,-1000.000,-1000.000,-1000.000,-1000.000,-1000.000,-1000.000,-1000.000,-1000.000,-1000.000,-1000.000,-1000.000,-1000.000,-1000.000,-1000.000,-1000.000,-1000.000,-1000.000,-1000.000,-1000.000,-1000.000,-1000.000,-1000.000,-1000.000,-1000.000,-1000.000,-1000.000,-1000.000,-1000.000,-1000.000,-1000.000,-1000.000,-1000.000,-1000.000,-1000.000,-1000.000,-1000.000,-1000.000,-1000.000,-1000.000,-1000.000,-1000.000,-1000.000,-1000.000,-1000.000,-1000.000,-1000.000,-1000.000,-1000.000,-1000.000,-1000.000,-1000.000,-1000.000,-1000.000,-1000.000,-1000.000,-1000.000,-1000.000,-1000.000,-1000.000,-1000.000,-1000.000,-1000.000,-1000.000,-1000.000,-1000.000,-1000.000,-1000.000,-1000.000,-1000.000,-1000.000,-1000.000
294.902,-49.484,-86.699,-84.925,-85.609,-84.625,-94.143,-89.176,-92.443,-89.498,-89.339,-90.087,-92.117,-90.963,-86.995,-86.618,-87.260,-86.512,-85.903,-86.422,-87.625,-89.803,-86.815,-88.052,-91.455,-85.320,-90.782,-88.903,-91.060,-86.046,-87.362,-87.119,-86.970,-87.480,-89.782,-86.182,-86.353,-91.993,-84.546,-85.311,-89.342,-85.938,-86.343,-89.186,-82.793,-82.017,-84.059,-89.119,-89.785,-88.305,-87.898,-89.676,-89.086,-91.473,-90.451,-90.149,-91.242,-90.589,-88.498,-88.670,-86.935,-82.584,-91.995,-96.230,-87.387,-88.807,-88.038,-84.822,-89.494,-87.400,-90.770,-86.559,-88.542,-86.934,-89.445,-89.979,-91.104,-92.854,-89.852,-89.157,-89.339,-88.602,-92.851,-90.839,-91.223,-89.377,-92.132,-87.737,-90.228,-86.495,-83.340,-86.870,-84.226,-83.297,-84.319,-86.652,-89.041,-84.279,-84.274,-93.337,-90.753,-89.283,-90.578
304.241,-49.484,-83.875,-94.203,-92.119,-93.113,-88.778,-86.024,-88.652,-90.130,-85.745,-85.805,-87.443,-87.514,-87.502,-87.814,-89.216,-89.068,-91.450,-89.077,-82.884,-87.479,-88.924,-93.751,-86.035,-85.388,-83.155,-80.568,-88.903,-88.834,-96.265,-92.489,-91.767,-91.064,-93.117,-91.069,-86.114,-86.640,-89.150,-91.476,-89.957,-86.961,-90.681,-87.571,-87.129,-85.828,-85.826,-88.430,-87.855,-86.171,-86.270,-94.833,-93.926,-93.312,-84.376,-84.396,-86.053,-87.021,-84.271,-84.649,-85.421,-90.579,-90.058,-89.219,-89.208,-82.835,-87.371,-89.954,-92.492,-91.459,-89.309,-87.595,-86.117,-88.269,-93.858,-86.471,-86.797,-87.133,-85.893,-86.937,-86.925,-89.833,-88.647,-92.796,-94.690,-92.131,-89.447,-87.801,-87.278,-92.632,-96.597,-84.741,-90.592,-90.137,-89.865,-87.421,-88.477,-87.700,-86.063,-87.585,-90.289,-89.108,-93.444
313.580,-49.484,-1000.000,-1000.000,-1000.000,-1000.000,-1000.000,-1000.000,-1000.000,-1000.000,-1000.000,-1000.000,-1000.000,-1000.000,-1000.000,-1000.000,-1000.000,-1000.000,-1000.000,-1000.000,-1000.000,-1000.000,-1000.000,-1000.000,-1000.000,-1000.000,-1000.000,-1000.000,-1000.000,-1000.000,-1000.000,-1000.000,-1000.000,-1000.000,-1000.000,-1000.000,-1000.000,-1000.000,-1000.000,-1000.000,-1000.000,-1000.000,-1000.000,-1000.000,-1000.000,-1000.000,-1000.000,-1000.000,-1000.000,-1000.000,-1000.000,-1000.000,-1000.000,-1000.000,-1000.000,-1000.000,-1000.000,-1000.000,-1000.000,-1000.000,-1000.000,-1000.000,-1000.000,-1000.000,-1000.000,-1000.000,-1000.000,-1000.000,-1000.000,-1000.000,-1000.000,-1000.000,-1000.000,-1000.000,-1000.000,-1000.000,-1000.000,-1000.000,-1000.000,-1000.000,-1000.000,-1000.000,-1000.000,-1000.000,-1000.000,-1000.000,-1000.000,-1000.000,-1000.000,-1000.000,-1000.000,-1000.000,-1000.000,-1000.000,-1000.000,-1000.000,-1000.000,-1000.000,-1000.000,-1000.000,-1000.000,-1000.000,-1000.000
322.919,-49.484,-85.821,-93.483,-85.662,-85.572,-87.777,-92.345,-89.371,-87.240,-87.894,-88.815,-87.945,-89.131,-96.635,-94.032,-94.383,-99.275,-89.648,-96.612,-86.155,-90.237,-89.502,-86.037,-89.310,-89.297,-86.989,-87.863,-90.221,-88.167,-90.063,-83.713,-87.051,-88.997,-91.126,-96.465,-88.928,-89.395,-91.038,-90.002,-94.626,-90.728,-91.680,-90.263,-91.505,-90.631,-88.332,-88.828,-87.410,-87.785,-88.946,-84.662,-92.825,-89.040,-87.847,-91.441,-91.698,-87.315,-89.047,-87.120,-87.140,-89.654,-87.673,-85.512,-85.637,-85.725,-93.533,-92.298,-89.946,-87.615,-85.358,-88.303,-94.334,-86.346,-87.408,-89.791,-89.934,-89.218,-87.999,-89.187,-93.882,-95.016,-93.095,-91.263,-86.957,-86.041,-86.162,-83.903,-88.045,-89.430,-90.021,-90.340,-86.807,-85.607,-86.020,-89.549,-85.612,-90.078,-92.068,-94.916,-92.955,-94.845,-90.440
332.257,-49.484,-87.411,-89.023,-90.337,-89.599,-92.371,-91.515,-90.553,-86.558,-86.895,-85.886,-85.881,-90.255,-90.560,-90.933,-85.911,-85.201,-87.526,-88.833,-90.477,-91.134,-89.127,-91.867,-84.887,-87.483,-87.417,-87.594,-87.815,-86.580,-90.066,-92.841,-87.191,-86.911,-95.212,-89.494,-86.991,-88.941,-87.979,-87.928,-90.975,-90.724,-85.038,-89.342,-87.067,-86.814,-89.323,-86.912,-87.719,-84.441,-86.370,-91.098,-86.126,-87.656,-83.948,-94.257,-95.958,-90.607,-88.607,-89.219,-89.782,-93.683,-88.133,-86.424,-96.850,-100.638,-95.558,-88.432,-86.414,-91.702,-88.214,-87.920,-88.355,-89.570,-93.027,-86.438,-86.468,-91.899,-90.062,-94.334,-87.658,-86.552,-87.232,-86.180,-87.056,-88.389,-88.438,-91.230,-90.897,-91.030,-91.699,-87.104,-87.102,-88.209,-88.210,-93.619,-87.102,-88.795,-87.291,-84.919,-85.485,-89.088,-91.872
248.209,-48.037,-87.464,-86.118,-89.745,-89.068,-84.672,-83.663,-89.960,-88.113,-85.775,-85.674,-83.488,-88.985,-91.728,-90.434,-87.375,-86.034,-87.627,-85.164,-87.259,-85.899,-88.534,-88.738,-88.001,-89.199,-91.220,-86.455,-91.795,-87.825,-88.595,-87.191,-94.769,-99.644,-91.210,-88.734,-87.198,-86.549,-94.085,-95.664,-96.071,-88.601,-88.978,-90.512,-87.788,-89.195,-89.430,-92.093,-88.746,-89.035,-90.526,-90.708,-90.925,-84.173,-84.120,-91.489,-93.480,-89.439,-86.613,-92.500,-84.983,-84.553,-89.423,-83.489,-90.330,-94.735,-86.951,-89.609,-86.807,-92.193,-92.052,-91.343,-85.679,-88.828,-90.965,-86.369,-91.000,-90.520,-83.244,-81.196,-86.733,-86.790,-88.192,-89.724,-87.169,-88.151,-87.686,-86.248,-88.816,-88.213,-91.899,-91.636,-88.524,-87.951,-89.062,-89.067,-85.352,-84.965,-89.475,-86.068,-86.192,-91.265,-86.705
257.547,-48.037,-86.881,-85.980,-88.798,-91.088,-89.919,-91.158,-85.007,-84.277,-90.365,-86.575,-84.494,-89.394,-88.844,-90.419,-86.232,-89.065,-89.763,-94.213,-89.143,-86.853,-94.188,-92.013,-85.213,-84.946,-88.547,-93.194,-86.459,-83.598,-86.435,-86.087,-83.688,-83.506,-98.763,-91.920,-90.929,-88.523,-90.654,-87.778,-86.925,-82.135,-82.152,-86.220,-86.386,-85.683,-85.314,-90.516,-85.950,-90.364,-94.558,-89.122,-89.010,-93.665,-88.935,-88.941,-91.486,-94.234,-93.067,-85.050,-91.632,-91.845,-87.907,-82.617,-83.493,-92.665,-89.919,-87.772,-87.932,-87.768,-93.851,-87.471,-85.278,-91.359,-90.349,-95.337,-90.754,-93.996,-89.665,-87.918,-87.556,-91.414,-89.798,-86.551,-88.133,-85.793,-88.705,-90.505,-87.940,-85.513,-85.499,-88.745,-86.812,-87.988,-83.934,-88.625,-88.177,-91.690,-91.796,-90.426,-89.697,-89.714,-89.744
266.886,-48.037,-1000.000,-1000.000,-1000.000,-1000.000,-1000.000,-1000.000,-1000.000,-1000.000,-1000.000,-1000.000,-1000.000,-1000.000,-1000.000,-1000.000,-1000.000,-1000.000,-1000.000,-1000.000,-1000.000,-1000.000,-1000.000,-1000.000,-1000.000,-1000.000,-1000.000,-1000.000,-1000.000,-1000.000,-1000.000,-1000.000,-1000.000,-1000.000,-1000.000,-1000.000,-1000.000,-1000.000,-1000.000,-1000.000,-1000.000,-1000.000,-1000.000,-1000.000,-1000.000,-1000.000,-1000.000,-1000.000,-1000.000,-1000.000,-1000.000,-1000.000,-1000.000,-1000.000,-1000.000,-1000.000,-1000.000,-1000.000,-1000.000,-1000.000,-1000.000,-1000.000,-1000.000,-1000.000,-1000.000,-1000.000,-1000.000,-1000.000,-1000.000,-1000.000,-1000.000,-1000.000,-1000.000,-1000.000,-1000.000,-1000.000,-1000.000,-1000.000,-1000.000,-1000.000,-1000.000,-1000.000,-1000.000,-1000.000,-1000.000,-1000.000,-1000.000,-1000.000,-1000.000,-1000.000,-1000.000,-1000.000,-1000.000,-1000.000,-1000.000,-1000.000,-1000.000,-1000.000,-1000.000,-1000.000,-1000.000,-1000.000,-1000.000
276.225,-48.037,-1000.000,-1000.000,-1000.000,-1000.000,-1000.000,-1000.000,-1000.000,-1000.000,-1000.000,-1000.000,-1000.000,-1000.000,-1000.000,-1000.000,-1000.000,-1000.000,-1000.000,-1000.000,-1000.000,-1000.000,-1000.000,-1000.000,-1000.000,-1000.000,-1000.000,-1000.000,-1000.000,-1000.000,-1000.000,-1000.000,-1000.000,-1000.000,-1000.000,-1000.000,-1000.000,-1000.000,-1000.000,-1000.000,-1000.000,-1000.000,-1000.000,-1000.000,-1000.000,-1000.000,-1000.000,-1000.000,-1000.000,-1000.000,-1000.000,-1000.000,-1000.000,-1000.000,-1000.000,-1000.000,-1000.000,-1000.000,-1000.000,-1000.000,-1000.000,-1000.000,-1000.000,-1000.000,-1000.000,-1000.000,-1000.000,-1000.000,-1000.000,-1000.000,-1000.000,-1000.000,-1000.000,-1000.000,-1000.000,-1000.000,-1000.000,-1000.000,-1000.000,-1000.000,-1000.000,-1000.000,-1000.000,-1000.000,-1000.000,-1000.000,-1000.000,-1000.000,-1000.000,-1000.000,-1000.000,-1000.000,-1000.000,-1000.000,-1000.000,-1000.000,-1000.000,-1000.000,-1000.000,-1000.000,-1000.000,-1000.000,-1000.000
285.564,-48.037,-87.225,-86.244,-89.498,-87.442,-88.210,-88.931,-86.221,-85.941,-91.912,-88.466,-89.877,-87.848,-88.953,-91.947,-88.517,-88.882,-88.302,-87.586,-92.159,-93.843,-91.286,-88.963,-86.975,-92.661,-96.683,-89.866,-89.721,-85.545,-89.379,-89.173,-84.584,-86.821,-88.601,-94.458,-85.838,-88.202,-84.683,-91.379,-85.294,-84.932,-86.911,-86.284,-90.417,-88.786,-83.829,-86.358,-86.315,-86.329,-84.372,-83.863,-89.411,-86.975,-86.714,-85.815,-87.068,-87.082,-93.441,-88.855,-86.716,-89.594,-89.355,-82.755,-84.736,-85.035,-89.694,-89.010,-90.291,-89.013,-87.719,-87.379,-90.537,-87.904,-90.001,-89.228,-89.357,-88.784,-85.475,-90.557,-87.629,-86.036,-87.523,-87.748,-88.902,-88.444,-88.595,-88.771,-90.638,-91.101,-91.410,-87.064,-87.578,-92.860,-88.175,-87.296,-84.963,-84.401,-86.886,-88.021,-85.463,-84.821,-89.058
294.902,-48.037,-86.163,-87.916,-92.746,-95.276,-90.267,-90.058,-90.108,-87.862,-88.845,-91.524,-86.124,-85.703,-84.921,-86.520,-87.707,-87.372,-89.108,-84.584,-90.752,-92.253,-87.695,-88.185,-88.648,-86.605,-83.481,-87.291,-90.044,-84.325,-84.320,-88.547,-85.495,-85.465,-89.816,-86.408,-86.228,-86.845,-86.165,-89.257,-89.180,-92.210,-87.595,-84.965,-85.386,-90.400,-94.916,-87.433,-84.684,-89.201,-92.053,-92.054,-94.273,-92.574,-93.303,-85.729,-85.519,-85.406,-85.766,-88.025,-92.815,-93.114,-86.164,-87.418,-85.916,-86.020,-91.345,-91.949,-90.796,-92.751,-88.896,-90.776,-89.438,-92.166,-87.290,-87.281,-85.709,-84.974,-92.477,-87.935,-86.535,-86.354,-85.338,-89.062,-87.642,-86.800,-84.698,-86.774,-87.701,-89.597,-83.355,-85.568,-89.036,-86.625,-86.621,-88.049,-86.228,-91.026,-92.628,-88.787,-90.224,-83.933,-84.679
304.241,-48.037,-88.048,-90.338,-93.542,-95.695,-87.803,-87.799,-90.138,-86.908,-86.004,-89.743,-86.433,-89.091,-87.849,-82.944,-84.310,-90.269,-91.958,-84.514,-83.263,-87.152,-91.372,-93.342,-91.110,-90.856,-90.056,-90.918,-93.922,-91.825,-86.559,-88.158,-87.786,-86.994,-85.878,-91.474,-89.745,-90.710,-88.528,-91.832,-91.955,-89.224,-88.136,-87.533,-87.517,-86.259,-91.272,-90.968,-92.099,-90.027,-91.323,-91.321,-88.519,-93.415,-93.358,-86.415,-87.623,-86.029,-87.874,-86.833,-89.789,-90.229,-89.434,-86.758,-94.617,-94.226,-94.343,-89.204,-83.923,-86.187,-91.671,-89.964,-84.420,-87.906,-84.084,-83.164,-86.580,-90.385,-85.603,-85.942,-88.417,-86.692,-86.802,-84.741,-87.659,-85.719,-90.615,-85.032,-86.513,-90.042,-94.269,-90.179,-88.218,-88.122,-90.798,-89.540,-88.204,-88.193,-92.678,-88.814,-87.430,-91.388,-85.938
313.580,-48.037,-1000.000,-1000.000,-1000.000,-1000.000,-1000.000,-1000.000,-1000.000,-1000.000,-1000.000,-1000.000,-1000.000,-1000.000,-1000.000,-1000.000,-1000.000,-1000.000,-1000.000,-1000.000,-1000.000,-1000.000,-1000.000,-1000.000,-1000.000,-1000.000,-1000.000,-1000.000,-1000.000,-1000.000,-1000.000,-1000.000,-1000.000,-1000.000,-1000.000,-1000.000,-1000.000,-1000.000,-1000.000,-1000.000,-1000.000,-1000.000,-1000.000,-1000.000,-1000.000,-1000.000,-1000.000,-1000.000,-1000.000,-1000.000,-1000.000,-1000.000,-1000.000,-1000.000,-1000.000,-1000.000,-1000.000,-1000.000,-1000.000,-1000.000,-1000.000,-1000.000,-1000.000,-1000.000,-1000.000,-1000.000,-1000.000,-1000.000,-1000.000,-1000.000,-1000.000,-1000.000,-1000.000,-1000.000,-1000.000,-1000.000,-1000.000,-1000.000,-1000.000,-1000.000,-1000.000,-1000.000,-1000.000,-1000.000,-1000.000,-1000.000,-1000.000,-1000.000,-1000.000,-1000.000,-1000.000,-1000.000,-1000.000,-1000.000,-1000.000,-1000.000,-1000.000,-1000.000,-1000.000,-1000.000,-1000.000,-1000.000,-1000.000
322.919,-48.037,-90.233,-85.201,-85.177,-85.857,-84.999,-83.984,-91.254,-83.868,-85.843,-86.341,-88.935,-86.138,-85.931,-83.428,-83.459,-90.309,-86.823,-85.965,-83.626,-86.879,-89.966,-88.567,-86.421,-85.219,-91.962,-90.960,-87.492,-89.602,-92.645,-89.224,-86.962,-86.998,-86.851,-86.080,-84.614,-87.019,-87.009,-85.783,-85.779,-93.787,-86.527,-84.920,-87.950,-86.326,-85.478,-91.182,-87.790,-87.005,-87.457,-87.221,-87.620,-87.424,-86.342,-86.418,-86.988,-87.865,-85.048,-85.092,-89.048,-87.783,-85.960,-85.961,-86.702,-91.095,-84.453,-83.997,-90.014,-88.080,-87.057,-88.662,-89.462,-86.453,-85.520,-89.697,-94.526,-85.015,-87.103,-84.731,-83.705,-86.380,-86.765,-86.932,-86.966,-94.164,-88.261,-88.987,-89.145,-91.536,-90.186,-92.088,-93.365,-85.709,-85.602,-87.208,-87.991,-84.456,-84.573,-91.585,-90.737,-87.871,-85.891
332.257,-48.037,-1000.000,-1000.000,-1000.000,-1000.000,-1000.000,-1000.000,-1000.000,-1000.000,-1000.000,-1000.000,-1000.000,-1000.000,-1000.000,-1000.000,-1000.000,-1000.000,-1000.000,-1000.000,-1000.000,-1000.000,-1000.000,-1000.000,-1000.000,-1000.000,-1000.000,-1000.000,-1000.000,-1000.000,-1000.000,-1000.000,-1000.000,-1000.000,-1000.000,-1000.000,-1000.000,-1000.000,-1000.000,-1000.000,-1000.000,-1000.000,-1000.000,-1000.000,-1000.000,-1000.000,-1000.000,-1000.000,-1000.000,-1000.000,-1000.000,-1000.000,-1000.000,-1000.000,-1000.000,-1000.000,-1000.000,-1000.000,-1000.000,-1000.000,-1000.000,-1000.000,-1000.000,-1000.000,-1000.000,-1000.000,-1000.000,-1000.000,-1000.000,-1000.000,-1000.000,-1000.000,-1000.000,-1000.000,-1000.000,-1000.000,-1000.000,-1000.000,-1000.000,-1000.000,-1000.000,-1000.000,-1000.000,-1000.000,-1000.000,-1000.000,-1000.000,-1000.000,-1000.000,-1000.000,-1000.000,-1000.000,-1000.000,-1000.000,-1000.000,-1000.000,-1000.000,-1000.000,-1000.000,-1000.000,-1000.000,-1000.000,-1000.000
248.209,-46.590,-1000.000,-1000.000,-1000.000,-1000.000,-1000.000,-1000.000,-1000.000,-1000.000,-1000.000,-1000.000,-1000.000,-1000.000,-1000.000,-1000.000,-1000.000,-1000.000,-1000.000,-1000.000,-1000.000,-1000.000,-1000.000,-1000.000,-1000.000,-1000.000,-1000.000,-1000.000,-1000.000,-1000.000,-1000.000,-1000.000,-1000.000,-1000.000,-1000.000,-1000.000,-1000.000,-1000.000,-1000.000,-1000.000,-1000.000,-1000.000,-1000.000,-1000.000,-1000.000,-1000.000,-1000.000,-1000.000,-1000.000,-1000.000,-1000.000,-1000.000,-1000.000,-1000.000,-1000.000,-1000.000,-1000.000,-1000.000,-1000.000,-1000.000,-1000.000,-1000.000,-1000.000,-1000.000,-1000.000,-1000.000,-1000.000,-1000.000,-1000.000,-1000.000,-1000.000,-1000.000,-1000.000,-1000.000,-1000.000,-1000.000,-1000.000,-1000.000,-1000.000,-1000.000,-1000.000,-1000.000,-1000.000,-1000.000,-1000.000,-1000.000,-1000.000,-1000.000,-1000.000,-1000.000,-1000.000,-1000.000,-1000.000,-1000.000,-1000.000,-1000.000,-1000.000,-1000.000,-1000.000,-1000.000,-1000.000,-1000.000,-1000.000
257.547,-46.590,-91.985,-86.403,-87.851,-84.835,-83.232,-85.935,-87.840,-85.036,-91.146,-86.744,-88.667,-88.667,-87.912,-94.872,-90.173,-91.043,-93.195,-86.133,-86.640,-90.269,-97.009,-87.782,-82.954,-89.920,-89.284,-89.749,-88.412,-85.583,-87.939,-85.166,-87.349,-90.888,-86.275,-87.823,-86.100,-87.155,-92.402,-92.155,-93.520,-94.227,-92.445,-88.858,-93.585,-87.708,-88.680,-89.210,-90.377,-89.751,-86.440,-87.057,-91.083,-91.500,-87.154,-87.213,-91.442,-86.923,-86.578,-84.249,-88.237,-86.904,-91.998,-91.415,-85.123,-89.451,-84.210,-83.452,-87.833,-91.587,-88.119,-87.537,-85.329,-95.898,-85.207,-85.211,-85.872,-91.895,-88.527,-87.150,-86.035,-89.680,-87.774,-92.787,-88.955,-89.132,-88.319,-89.619,-95.078,-95.152,-94.640,-89.139,-89.969,-87.521,-89.085,-93.443,-89.911,-95.931,-91.261,-90.372,-90.339,-93.295,-93.817
266.886,-46.590,-86.905,-84.946,-85.260,-86.475,-85.990,-86.341,-85.476,-89.427,-84.322,-90.298,-90.567,-86.660,-87.082,-88.250,-90.760,-85.454,-86.903,-89.543,-87.470,-84.502,-84.718,-86.103,-85.925,-88.266,-92.639,-84.065,-87.069,-86.100,-86.392,-89.740,-89.775,-88.231,-86.871,-85.803,-87.065,-87.083,-89.622,-87.455,-84.509,-86.569,-85.597,-85.244,-84.610,-87.487,-87.745,-91.396,-90.960,-85.823,-83.178,-86.780,-87.233,-86.773,-86.271,-86.527,-88.112,-89.840,-83.808,-84.363,-85.111,-88.469,-88.206,-85.389,-84.932,-91.671,-86.557,-86.322,-90.547,-88.344,-85.292,-90.269,-91.644,-91.687,-88.181,-85.730,-87.317,-90.813,-86.946,-86.951,-86.605,-86.245,-84.455,-85.346,-85.581,-85.990,-87.758,-89.080,-88.347,-86.056,-88.417,-87.169,-85.204,-86.391,-87.310,-90.703,-93.087,-87.014,-86.596,-86.589,-87.850,-88.354,-88.068
276.225,-46.590,-90.741,-90.050,-88.726,-87.857,-88.553,-89.110,-88.927,-91.233,-88.186,-88.306,-86.897,-86.666,-95.397,-92.989,-92.645,-94.648,-88.844,-88.570,-89.092,-93.349,-89.512,-91.517,-93.484,-93.433,-92.138,-88.323,-86.122,-83.239,-83.432,-89.789,-90.751,-90.058,-89.446,-92.821,-95.354,-86.476,-84.563,-84.838,-85.409,-92.140,-90.038,-87.895,-88.307,-85.193,-91.041,-89.270,-88.515,-90.553,-84.538,-84.906,-91.285,-86.684,-88.343,-91.186,-91.195,-89.611,-91.857,-89.663,-87.237,-87.287,-90.272,-89.845,-91.505,-88.939,-87.605,-86.629,-85.651,-85.219,-94.623,-92.356,-88.991,-94.045,-86.129,-85.898,-87.530,-86.623,-89.234,-89.440,-85.166,-86.026,-91.788,-89.490,-90.123,-87.264,-85.742,-88.811,-86.546,-93.272,-91.840,-90.669,-87.573,-87.302,-87.759,-91.731,-90.913,-88.328,-88.434,-88.889,-88.860,-89.452,-88.857
285.564,-46.590,-84.343,-84.595,-84.912,-83.930,-84.819,-87.959,-85.697,-85.907,-85.341,-86.329,-85.905,-84.343,-85.577,-86.459,-86.852,-86.893,-85.798,-88.282,-88.878,-89.299,-86.141,-86.194,-87.009,-89.083,-84.004,-85.248,-85.975,-85.703,-84.863,-84.860,-87.694,-89.328,-87.764,-86.114,-85.753,-88.066,-88.467,-86.419,-86.422,-87.485,-89.005,-86.523,-86.177,-85.309,-86.383,-88.543,-88.588,-86.912,-90.391,-87.910,-88.410,-87.295,-87.251,-88.968,-88.702,-84.960,-84.491,-83.395,-87.472,-85.540,-85.608,-85.026,-86.582,-87.422,-87.031,-88.198,-86.285,-83.632,-84.408,-90.514,-86.360,-86.040,-87.276,-86.987,-89.391,-87.589,-84.825,-86.009,-89.291,-89.402,-89.061,-88.011,-87.960,-87.785,-84.781,-91.115,-89.172,-87.761,-85.478,-86.073,-84.952,-84.899,-88.249,-85.638,-85.786,-90.018,-86.542,-86.592,-89.868,-89.864,-91.957
294.902,-46.590,-84.893,-84.305,-89.950,-91.267,-86.509,-87.673,-90.291,-90.301,-89.048,-88.579,-88.584,-90.018,-88.163,-89.209,-91.190,-88.808,-88.929,-88.900,-87.602,-87.658,-89.534,-87.442,-90.819,-96.403,-87.185,-86.272,-89.417,-90.825,-87.335,-85.840,-94.395,-91.249,-87.836,-97.032,-85.292,-84.905,-85.609,-88.315,-90.293,-89.850,-92.072,-87.140,-86.954,-90.884,-90.538,-89.614,-90.487,-89.895,-88.467,-87.044,-89.518,-88.637,-87.911,-84.703,-89.793,-97.448,-92.953,-93.528,-85.576,-85.503,-85.926,-86.185,-92.353,-87.235,-85.023,-85.988,-88.532,-84.420,-83.460,-87.790,-89.190,-89.186,-91.103,-90.062,-84.604,-97.750,-88.932,-87.467,-90.447,-89.900,-87.226,-86.143,-86.152,-88.924,-91.378,-90.355,-88.770,-91.401,-87.694,-86.281,-89.538,-92.592,-84.589,-88.289,-86.050,-88.271,-87.888,-92.876,-88.878,-86.166,-85.460
304.241,-46.590,-1000.000,-1000.000,-1000.000,-1000.000,-1000.000,-1000.000,-1000.000,-1000.000,-1000.000,-1000.000,-1000.000,-1000.000,-1000.000,-1000.000,-1000.000,-1000.000,-1000.000,-1000.000,-1000.000,-1000.000,-1000.000,-1000.000,-1000.000,-1000.000,-1000.000,-1000.000,-1000.000,-1000.000,-1000.000,-1000.000,-1000.000,-1000.000,-1000.000,-1000.000,-1000.000,-1000.000,-1000.000,-1000.000,-1000.000,-1000.000,-1000.000,-1000.000,-1000.000,-1000.000,-1000.000,-1000.000,-1000.000,-1000.000,-1000.000,-1000.000,-1000.000,-1000.000,-1000.000,-1000.000,-1000.000,-1000.000,-1000.000,-1000.000,-1000.000,-1000.000,-1000.000,-1000.000,-1000.000,-1000.000,-1000.000,-1000.000,-1000.000,-1000.000,-1000.000,-1000.000,-1000.000,-1000.000,-1000.000,-1000.000,-1000.000,-1000.000,-1000.000,-1000.000,-1000.000,-1000.000,-1000.000,-1000.000,-1000.000,-1000.000,-1000.000,-1000.000,-1000.000,-1000.000,-1000.000,-1000.000,-1000.000,-1000.000,-1000.000,-1000.000,-1000.000,-1000.000,-1000.000,-1000.000,-1000.000,-1000.000,-1000.000
313.580,-46.590,-1000.000,-1000.000,-1000.000,-1000.000,-1000.000,-1000.000,-1000.000,-1000.000,-1000.000,-1000.000,-1000.000,-1000.000,-1000.000,-1000.000,-1000.000,-1000.000,-1000.000,-1000.000,-1000.000,-1000.000,-1000.000,-1000.000,-1000.000,-1000.000,-1000.000,-1000.000,-1000.000,-1000.000,-1000.000,-1000.000,-1000.000,-1000.000,-1000.000,-1000.000,-1000.000,-1000.000,-1000.000,-1000.000,-1000.000,-1000.000,-1000.000,-1000.000,-1000.000,-1000.000,-1000.000,-1000.000,-1000.000,-1000.000,-1000.000,-1000.000,-1000.000,-1000.000,-1000.000,-1000.000,-1000.000,-1000.000,-1000.000,-1000.000,-1000.000,-1000.000,-1000.000,-1000.000,-1000.000,-1000.000,-1000.000,-1000.000,-1000.000,-1000.000,-1000.000,-1000.000,-1000.000,-1000.000,-1000.000,-1000.000,-1000.000,-1000.000,-1000.000,-1000.000,-1000.000,-1000.000,-1000.000,-1000.000,-1000.000,-1000.000,-1000.000,-1000.000,-1000.000,-1000.000,-1000.000,-1000.000,-1000.000,-1000.000,-1000.000,-1000.000,-1000.000,-1000.000,-1000.000,-1000.000,-1000.000,-1000.000,-1000.000
322.919,-46.590,-1000.000,-1000.000,-1000.000,-1000.000,-1000.000,-1000.000,-1000.000,-1000.000,-1000.000,-1000.000,-1000.000,-1000.000,-1000.000,-1000.000,-1000.000,-1000.000,-1000.000,-1000.000,-1000.000,-1000.000,-1000.000,-1000.000,-1000.000,-1000.000,-1000.000,-1000.000,-1000.000,-1000.000,-1000.000,-1000.000,-1000.000,-1000.000,-1000.000,-1000.000,-1000.000,-1000.000,-1000.000,-1000.000,-1000.000,-1000.000,-1000.000,-1000.000,-1000.000,-1000.000,-1000.000,-1000.000,-1000.000,-1000.000,-1000.000,-1000.000,-1000.000,-1000.000,-1000.000,-1000.000,-1000.000,-1000.000,-1000.000,-1000.000,-1000.000,-1000.000,-1000.000,-1000.000,-1000.000,-1000.000,-1000.000,-1000.000,-1000.000,-1000.000,-1000.000,-1000.000,-1000.000,-1000.000,-1000.000,-1000.000,-1000.000,-1000.000,-1000.000,-1000.000,-1000.000,-1000.000,-1000.000,-1000.000,-1000.000,-1000.000,-1000.000,-1000.000,-1000.000,-1000.000,-1000.000,-1000.000,-1000.000,-1000.000,-1000.000,-1000.000,-1000.000,-1000.000,-1000.000,-1000.000,-1000.000,-1000.000,-1000.000
332.257,-46.590,-1000.000,-1000.000,-1000.000,-1000.000,-1000.000,-1000.000,-1000.000,-1000.000,-1000.000,-1000.000,-1000.000,-1000.000,-1000.000,-1000.000,-1000.000,-1000.000,-1000.000,-1000.000,-1000.000,-1000.000,-1000.000,-1000.000,-1000.000,-1000.000,-1000.000,-1000.000,-1000.000,-1000.000,-1000.000,-1000.000,-1000.000,-1000.000,-1000.000,-1000.000,-1000.000,-1000.000,-1000.000,-1000.000,-1000.000,-1000.000,-1000.000,-1000.000,-1000.000,-1000.000,-1000.000,-1000.000,-1000.000,-1000.000,-1000.000,-1000.000,-1000.000,-1000.000,-1000.000,-1000.000,-1000.000,-1000.000,-1000.000,-1000.000,-1000.000,-1000.000,-1000.000,-1000.000,-1000.000,-1000.000,-1000.000,-1000.000,-1000.000,-1000.000,-1000.000,-1000.000,-1000.000,-1000.000,-1000.000,-1000.000,-1000.000,-1000.000,-1000.000,-1000.000,-1000.000,-1000.000,-1000.000,-1000.000,-1000.000,-1000.000,-1000.000,-1000.000,-1000.000,-1000.000,-1000.000,-1000.000,-1000.000,-1000.000,-1000.000,-1000.000,-1000.000,-1000.000,-1000.000,-1000.000,-1000.000,-1000.000,-1000.000
248.209,-45.142,-1000.000,-1000.000,-1000.000,-1000.000,-1000.000,-1000.000,-1000.000,-1000.000,-1000.000,-1000.000,-1000.000,-1000.000,-1000.000,-1000.000,-1000.000,-1000.000,-1000.000,-1000.000,-1000.000,-1000.000,-1000.000,-1000.000,-1000.000,-1000.000,-1000.000,-1000.000,-1000.000,-1000.000,-1000.000,-1000.000,-1000.000,-1000.000,-1000.000,-1000.000,-1000.000,-1000.000,-1000.000,-1000.000,-1000.000,-1000.000,-1000.000,-1000.000,-1000.000,-1000.000,-1000.000,-1000.000,-1000.000,-1000.000,-1000.000,-1000.000,-1000.000,-1000.000,-1000.000,-1000.000,-1000.000,-1000.000,-1000.000,-1000.000,-1000.000,-1000.000,-1000.000,-1000.000,-1000.000,-1000.000,-1000.000,-1000.000,-1000.000,-1000.000,-1000.000,-1000.000,-1000.000,-1000.000,-1000.000,-1000.000,-1000.000,-1000.000,-1000.000,-1000.000,-1000.000,-1000.000,-1000.000,-1000.000,-1000.000,-1000.000,-1000.000,-1000.000,-1000.000,-1000.000,-1000.000,-1000.000,-1000.000,-1000.000,-1000.000,-1000.000,-1000.000,-1000.000,-1000.000,-1000.000,-1000.000,-1000.000,-1000.000
257.547,-45.142,-1000.000,-1000.000,-1000.000,-1000.000,-1000.000,-1000.000,-1000.000,-1000.000,-1000.000,-1000.000,-1000.000,-1000.000,-1000.000,-1000.000,-1000.000,-1000.000,-1000.000,-1000.000,-1000.000,-1000.000,-1000.000,-1000.000,-1000.000,-1000.000,-1000.000,-1000.000,-1000.000,-1000.000,-1000.000,-1000.000,-1000.000,-1000.000,-1000.000,-1000.000,-1000.000,-1000.000,-1000.000,-1000.000,-1000.000,-1000.000,-1000.000,-1000.000,-1000.000,-1000.000,-1000.000,-1000.000,-1000.000,-1000.000,-1000.000,-1000.000,-1000.000,-1000.000,-1000.000,-1000.000,-1000.000,-1000.000,-1000.000,-1000.000,-1000.000,-1000.000,-1000.000,-1000.000,-1000.000,-1000.000,-1000.000,-1000.000,-1000.000,-1000.000,-1000.000,-1000.000,-1000.000,-1000.000,-1000.000,-1000.000,-1000.000,-1000.000,-1000.000,-1000.000,-1000.000,-1000.000,-1000.000,-1000.000,-1000.000,-1000.000,-1000.000,-1000.000,-1000.000,-1000.000,-1000.000,-1000.000,-1000.000,-1000.000,-1000.000,-1000.000,-1000.000,-1000.000,-1000.000,-1000.000,-1000.000,-1000.000,-1000.000
266.886,-45.142,-89.248,-89.952,-86.987,-89.595,-90.699,-86.114,-84.968,-85.021,-89.112,-91.228,-90.106,-87.546,-89.053,-92.136,-92.375,-88.799,-86.321,-89.954,-82.390,-83.134,-88.313,-89.984,-90.283,-92.154,-93.812,-89.805,-92.447,-83.917,-89.889,-95.676,-91.077,-90.176,-84.583,-84.608,-89.444,-91.915,-88.416,-88.586,-91.849,-86.273,-86.685,-85.862,-88.352,-88.325,-90.939,-86.090,-86.345,-91.517,-96.315,-90.745,-92.215,-91.752,-84.957,-85.866,-94.635,-92.213,-86.852,-92.666,-93.251,-86.714,-91.805,-93.168,-89.347,-87.980,-84.278,-84.302,-88.586,-85.267,-85.106,-90.673,-91.461,-84.982,-85.279,-87.790,-87.495,-85.079,-88.179,-89.386,-90.513,-88.195,-86.799,-83.645,-92.545,-83.686,-85.948,-89.806,-87.657,-87.667,-85.923,-86.095,-92.098,-91.986,-93.304,-92.571,-86.477,-85.766,-86.708,-86.878,-84.890,-89.023,-90.507
276.225,-45.142,-87.324,-87.322,-88.382,-87.503,-87.960,-95.807,-86.724,-88.755,-90.958,-89.435,-87.855,-89.492,-84.012,-91.346,-86.694,-87.547,-89.942,-89.140,-89.347,-90.586,-88.771,-86.743,-84.630,-84.687,-90.757,-89.764,-87.039,-92.101,-90.013,-88.020,-89.053,-87.633,-86.734,-86.047,-90.801,-91.648,-95.571,-90.697,-88.037,-90.260,-84.207,-84.067,-89.021,-88.604,-86.744,-91.827,-90.400,-87.535,-82.739,-88.924,-85.554,-85.636,-90.692,-94.196,-90.778,-92.202,-94.449,-97.094,-90.804,-87.042,-90.097,-90.592,-92.030,-85.214,-85.212,-91.357,-95.036,-91.729,-87.923,-87.369,-90.005,-90.545,-91.394,-87.475,-87.437,-90.249,-90.762,-91.917,-88.710,-85.791,-86.830,-88.840,-87.796,-86.503,-86.558,-85.717,-85.719,-92.105,-91.000,-84.914,-90.024,-90.290,-83.970,-83.957,-87.969,-86.681,-85.902,-86.755,-90.634,-88.817,-88.270
285.564,-45.142,-1000.000,-1000.000,-1000.000,-1000.000,-1000.000,-1000.000,-1000.000,-1000.000,-1000.000,-1000.000,-1000.000,-1000.000,-1000.000,-1000.000,-1000.000,-1000.000,-1000.000,-1000.000,-1000.000,-1000.000,-1000.000,-1000.000,-1000.000,-1000.000,-1000.000,-1000.000,-1000.000,-1000.000,-1000.000,-1000.000,-1000.000,-1000.000,-1000.000,-1000.000,-1000.000,-1000.000,-1000.000,-1000.000,-1000.000,-1000.000,-1000.000,-1000.000,-1000.000,-1000.000,-1000.000,-1000.000,-1000.000,-1000.000,-1000.000,-1000.000,-1000.000,-1000.000,-1000.000,-1000.000,-1000.000,-1000.000,-1000.000,-1000.000,-1000.000,-1000.000,-1000.000,-1000.000,-1000.000,-1000.000,-1000.000,-1000.000,-1000.000,-1000.000,-1000.000,-1000.000,-1000.000,-1000.000,-1000.000,-1000.000,-1000.000,-1000.000,-1000.000,-1000.000,-1000.000,-1000.000,-1000.000,-1000.000,-1000.000,-1000.000,-1000.000,-1000.000,-1000.000,-1000.000,-1000.000,-1000.000,-1000.000,-1000.000,-1000.000,-1000.000,-1000.000,-1000.000,-1000.000,-1000.000,-1000.000,-1000.000,-1000.000
294.902,-45.142,-1000.000,-1000.000,-1000.000,-1000.000,-1000.000,-1000.000,-1000.000,-1000.000,-1000.000,-1000.000,-1000.000,-1000.000,-1000.000,-1000.000,-1000.000,-1000.000,-1000.000,-1000.000,-1000.000,-1000.000,-1000.000,-1000.000,-1000.000,-1000.000,-1000.000,-1000.000,-1000.000,-1000.000,-1000.000,-1000.000,-1000.000,-1000.000,-1000.000,-1000.000,-1000.000,-1000.000,-1000.000,-1000.000,-1000.000,-1000.000,-1000.000,-1000.000,-1000.000,-1000.000,-1000.000,-1000.000,-1000.000,-1000.000,-1000.000,-1000.000,-1000.000,-1000.000,-1000.000,-1000.000,-1000.000,-1000.000,-1000.000,-1000.000,-1000.000,-1000.000,-1000.000,-1000.000,-1000.000,-1000.000,-1000.000,-1000.000,-1000.000,-1000.000,-1000.000,-1000.000,-1000.000,-1000.000,-1000.000,-1000.000,-1000.000,-1000.000,-1000.000,-1000.000,-1000.000,-1000.000,-1000.000,-1000.000,-1000.000,-1000.000,-1000.000,-1000.000,-1000.000,-1000.000,-1000.000,-1000.000,-1000.000,-1000.000,-1000.000,-1000.000,-1000.000,-1000.000,-1000.000,-1000.000,-1000.000,-1000.000,-1000.000
304.241,-45.142,-87.236,-85.720,-86.977,-91.478,-86.738,-91.243,-86.683,-89.385,-89.639,-90.271,-93.233,-90.566,-88.772,-93.747,-90.445,-95.056,-88.528,-86.495,-89.695,-89.309,-90.778,-92.012,-86.668,-88.110,-92.801,-91.426,-91.831,-92.756,-89.906,-89.154,-89.155,-90.115,-91.513,-91.215,-85.320,-87.431,-87.199,-90.420,-82.587,-87.017,-88.042,-85.511,-88.099,-88.649,-88.859,-85.535,-85.355,-88.094,-86.812,-90.220,-93.644,-88.171,-90.110,-89.396,-94.810,-89.996,-85.766,-88.672,-88.374,-90.234,-85.588,-85.560,-85.649,-87.755,-84.943,-89.635,-85.786,-91.056,-84.958,-84.945,-93.013,-94.971,-90.376,-89.046,-88.969,-90.293,-88.348,-87.603,-89.213,-87.051,-88.444,-88.121,-92.689,-88.619,-88.747,-89.563,-90.483,-91.994,-89.750,-86.269,-82.379,-86.500,-88.301,-86.795,-95.073,-89.516,-88.089,-88.723,-91.486,-91.968,-91.761
313.580,-45.142,-1000.000,-1000.000,-1000.000,-1000.000,-1000.000,-1000.000,-1000.000,-1000.000,-1000.000,-1000.000,-1000.000,-1000.000,-1000.000,-1000.000,-1000.000,-1000.000,-1000.000,-1000.000,-1000.000,-1000.000,-1000.000,-1000.000,-1000.000,-1000.000,-1000.000,-1000.000,-1000.000,-1000.000,-1000.000,-1000.000,-1000.000,-1000.000,-1000.000,-1000.000,-1000.000,-1000.000,-1000.000,-1000.000,-1000.000,-1000.000,-1000.000,-1000.000,-1000.000,-1000.000,-1000.000,-1000.000,-1000.000,-1000.000,-1000.000,-1000.000,-1000.000,-1000.000,-1000.000,-1000.000,-1000.000,-1000.000,-1000.000,-1000.000,-1000.000,-1000.000,-1000.000,-1000.000,-1000.000,-1000.000,-1000.000,-1000.000,-1000.000,-1000.000,-1000.000,-1000.000,-1000.000,-1000.000,-1000.000,-1000.000,-1000.000,-1000.000,-1000.000,-1000.000,-1000.000,-1000.000,-1000.000,-1000.000,-1000.000,-1000.000,-1000.000,-1000.000,-1000.000,-1000.000,-1000.000,-1000.000,-1000.000,-1000.000,-1000.000,-1000.000,-1000.000,-1000.000,-1000.000,-1000.000,-1000.000,-1000.000,-1000.000
322.919,-45.142,-89.152,-87.569,-83.965,-88.265,-85.454,-88.416,-88.315,-91.405,-88.614,-87.633,-89.596,-85.085,-88.861,-87.486,-86.886,-86.532,-88.942,-83.192,-83.425,-84.655,-85.094,-85.212,-83.357,-88.589,-88.044,-90.968,-88.374,-86.316,-83.606,-85.022,-84.262,-89.050,-83.389,-88.048,-87.635,-90.026,-86.785,-87.602,-86.196,-83.465,-86.527,-90.244,-86.214,-89.497,-88.496,-86.946,-89.875,-92.998,-90.633,-87.068,-88.397,-89.216,-87.285,-86.805,-90.778,-90.401,-87.442,-86.664,-82.409,-82.503,-84.317,-91.505,-86.568,-86.562,-86.580,-89.278,-89.814,-89.590,-82.206,-84.293,-87.965,-87.354,-87.310,-89.755,-89.768,-86.127,-84.271,-88.464,-89.098,-88.280,-88.610,-86.647,-85.458,-87.500,-87.921,-87.550,-83.865,-83.740,-88.519,-88.149,-86.194,-86.877,-90.432,-86.055,-86.742,-85.416,-89.317,-86.779,-85.804,-86.878,-87.110
332.257,-45.142,-1000.000,-1000.000,-1000.000,-1000.000,-1000.000,-1000.000,-1000.000,-1000.000,-1000.000,-1000.000,-1000.000,-1000.000,-1000.000,-1000.000,-1000.000,-1000.000,-1000.000,-1000.000,-1000.000,-1000.000,-1000.000,-1000.000,-1000.000,-1000.000,-1000.000,-1000.000,-1000.000,-1000.000,-1000.000,-1000.000,-1000.000,-1000.000,-1000.000,-1000.000,-1000.000,-1000.000,-1000.000,-1000.000,-1000.000,-1000.000,-1000.000,-1000.000,-1000.000,-1000.000,-1000.000,-1000.000,-1000.000,-1000.000,-1000.000,-1000.000,-1000.000,-1000.000,-1000.000,-1000.000,-1000.000,-1000.000,-1000.000,-1000.000,-1000.000,-1000.000,-1000.000,-1000.000,-1000.000,-1000.000,-1000.000,-1000.000,-1000.000,-1000.000,-1000.000,-1000.000,-1000.000,-1000.000,-1000.000,-1000.000,-1000.000,-1000.000,-1000.000,-1000.000,-1000.000,-1000.000,-1000.000,-1000.000,-1000.000,-1000.000,-1000.000,-1000.000,-1000.000,-1000.000,-1000.000,-1000.000,-1000.000,-1000.000,-1000.000,-1000.000,-1000.000,-1000.000,-1000.000,-1000.000,-1000.000,-1000.000,-1000.000
248.209,-43.695,-84.080,-87.725,-87.874,-82.891,-88.545,-85.501,-86.335,-84.342,-84.513,-89.070,-86.368,-86.403,-86.694,-87.925,-90.023,-88.186,-87.593,-87.941,-87.997,-85.216,-88.853,-88.797,-88.678,-84.923,-85.674,-87.573,-91.539,-91.478,-89.369,-86.010,-87.722,-88.396,-88.399,-89.885,-86.880,-86.889,-82.225,-89.744,-86.324,-86.328,-86.884,-86.434,-87.855,-83.681,-84.712,-87.145,-86.530,-89.332,-87.323,-84.732,-87.868,-87.216,-84.030,-84.014,-86.157,-85.189,-85.736,-89.371,-89.900,-87.003,-86.347,-87.608,-83.855,-88.606,-87.328,-84.240,-85.560,-89.349,-85.654,-86.247,-88.793,-87.473,-90.909,-88.965,-88.940,-87.760,-90.407,-89.524,-88.460,-88.235,-90.209,-88.098,-87.708,-87.260,-87.790,-86.465,-87.262,-87.971,-88.284,-85.825,-83.934,-87.515,-85.511,-86.191,-82.931,-88.843,-87.819,-88.264,-88.710,-86.965,-88.504
257.547,-43.695,-94.948,-83.768,-86.385,-86.098,-89.903,-85.018,-87.228,-87.613,-91.581,-88.745,-94.487,-86.870,-89.324,-90.794,-88.039,-87.219,-86.235,-86.232,-93.571,-85.528,-88.206,-89.449,-87.297,-91.278,-85.320,-84.451,-91.868,-85.301,-85.638,-89.529,-91.661,-93.073,-92.472,-89.873,-93.176,-85.542,-85.536,-93.131,-88.900,-88.384,-89.177,-87.412,-87.789,-86.878,-88.467,-89.989,-86.632,-85.102,-88.448,-87.583,-86.442,-90.874,-87.205,-86.596,-88.440,-84.111,-91.827,-85.831,-85.869,-87.390,-81.180,-81.178,-88.385,-86.183,-86.748,-84.136,-84.232,-84.308,-81.633,-92.314,-97.177,-86.214,-86.424,-86.432,-88.514,-86.680,-88.556,-92.432,-89.785,-91.495,-90.908,-88.360,-88.121,-87.737,-88.872,-90.286,-87.829,-87.610,-83.289,-88.304,-88.410,-89.349,-89.292,-89.563,-88.788,-88.537,-88.488,-86.410,-86.406,-89.202,-90.194
266.886,-43.695,-1000.000,-1000.000,-1000.000,-1000.000,-1000.000,-1000.000,-1000.000,-1000.000,-1000.000,-1000.000,-1000.000,-1000.000,-1000.000,-1000.000,-1000.000,-1000.000,-1000.000,-1000.000,-1000.000,-1000.000,-1000.000,-1000.000,-1000.000,-1000.000,-1000.000,-1000.000,-1000.000,-1000.000,-1000.000,-1000.000,-1000.000,-1000.000,-1000.000,-1000.000,-1000.000,-1000.000,-1000.000,-1000.000,-1000.000,-1000.000,-1000.000,-1000.000,-1000.000,-1000.000,-1000.000,-1000.000,-1000.000,-1000.000,-1000.000,-1000.000,-1000.000,-1000.000,-1000.000,-1000.000,-1000.000,-1000.000,-1000.000,-1000.000,-1000.000,-1000.000,-1000.000,-1000.000,-1000.000,-1000.000,-1000.000,-1000.000,-1000.000,-1000.000,-1000.000,-1000.000,-1000.000,-1000.000,-1000.000,-1000.000,-1000.000,-1000.000,-1000.000,-1000.000,-1000.000,-1000.000,-1000.000,-1000.000,-1000.000,-1000.000,-1000.000,-1000.000,-1000.000,-1000.000,-1000.000,-1000.000,-1000.000,-1000.000,-1000.000,-1000.000,-1000.000,-1000.000,-1000.000,-1000.000,-1000.000,-1000.000,-1000.000
276.225,-43.695,-1000.000,-1000.000,-1000.000,-1000.000,-1000.000,-1000.000,-1000.000,-1000.000,-1000.000,-1000.000,-1000.000,-1000.000,-1000.000,-1000.000,-1000.000,-1000.000,-1000.000,-1000.000,-1000.000,-1000.000,-1000.000,-1000.000,-1000.000,-1000.000,-1000.000,-1000.000,-1000.000,-1000.000,-1000.000,-1000.000,-1000.000,-1000.000,-1000.000,-1000.000,-1000.000,-1000.000,-1000.000,-1000.000,-1000.000,-1000.000,-1000.000,-1000.000,-1000.000,-1000.000,-1000.000,-1000.000,-1000.000,-1000.000,-1000.000,-1000.000,-1000.000,-1000.000,-1000.000,-1000.000,-1000.000,-1000.000,-1000.000,-1000.000,-1000.000,-1000.000,-1000.000,-1000.000,-1000.000,-1000.000,-1000.000,-1000.000,-1000.000,-1000.000,-1000.000,-1000.000,-1000.000,-1000.000,-1000.000,-1000.000,-1000.000,-1000.000,-1000.000,-1000.000,-1000.000,-1000.000,-1000.000,-1000.000,-1000.000,-1000.000,-1000.000,-1000.000,-1000.000,-1000.000,-1000.000,-1000.000,-1000.000,-1000.000,-1000.000,-1000.000,-1000.000,-1000.000,-1000.000,-1000.000,-1000.000,-1000.000,-1000.000
285.564,-43.695,-1000.000,-1000.000,-1000.000,-1000.000,-1000.000,-1000.000,-1000.000,-1000.000,-1000.000,-1000.000,-1000.000,-1000.000,-1000.000,-1000.000,-1000.000,-1000.000,-1000.000,-1000.000,-1000.000,-1000.000,-1000.000,-1000.000,-1000.000,-1000.000,-1000.000,-1000.000,-1000.000,-1000.000,-1000.000,-1000.000,-1000.000,-1000.000,-1000.000,-1000.000,-1000.000,-1000.000,-1000.000,-1000.000,-1000.000,-1000.000,-1000.000,-1000.000,-1000.000,-1000.000,-1000.000,-1000.000,-1000.000,-1000.000,-1000.000,-1000.000,-1000.000,-1000.000,-1000.000,-1000.000,-1000.000,-1000.000,-1000.000,-1000.000,-1000.000,-1000.000,-1000.000,-1000.000,-1000.000,-1000.000,-1000.000,-1000.000,-1000.000,-1000.000,-1000.000,-1000.000,-1000.000,-1000.000,-1000.000,-1000.000,-1000.000,-1000.000,-1000.000,-1000.000,-1000.000,-1000.000,-1000.000,-1000.000,-1000.000,-1000.000,-1000.000,-1000.000,-1000.000,-1000.000,-1000.000,-1000.000,-1000.000,-1000.000,-1000.000,-1000.000,-1000.000,-1000.000,-1000.000,-1000.000,-1000.000,-1000.000,-1000.000
294.902,-43.695,-93.766,-88.631,-89.011,-94.684,-90.313,-87.861,-87.733,-85.966,-88.452,-86.249,-87.712,-85.699,-85.797,-86.353,-89.442,-88.306,-88.260,-87.620,-88.805,-88.755,-86.512,-87.604,-84.910,-91.700,-91.044,-90.376,-86.660,-91.703,-92.084,-89.546,-89.549,-89.429,-88.910,-90.900,-89.443,-92.374,-92.848,-87.698,-84.796,-85.834,-91.802,-89.467,-86.717,-84.504,-82.734,-91.006,-85.109,-90.932,-90.609,-86.411,-90.783,-85.929,-85.754,-85.586,-84.549,-87.801,-85.241,-88.020,-86.893,-89.113,-88.309,-88.011,-90.202,-94.051,-90.999,-89.557,-86.525,-84.964,-88.691,-91.063,-90.887,-91.322,-90.283,-89.230,-89.216,-89.358,-88.699,-90.722,-92.009,-91.018,-87.550,-89.199,-88.561,-85.731,-90.260,-91.094,-88.472,-89.437,-93.452,-88.952,-85.886,-92.903,-87.549,-84.506,-83.514,-87.619,-87.103,-92.351,-89.277,-91.243,-89.187
304.241,-43.695,-1000.000,-1000.000,-1000.000,-1000.000,-1000.000,-1000.000,-1000.000,-1000.000,-1000.000,-1000.000,-1000.000,-1000.000,-1000.000,-1000.000,-1000.000,-1000.000,-1000.000,-1000.000,-1000.000,-1000.000,-1000.000,-1000.000,-1000.000,-1000.000,-1000.000,-1000.000,-1000.000,-1000.000,-1000.000,-1000.000,-1000.000,-1000.000,-1000.000,-1000.000,-1000.000,-1000.000,-1000.000,-1000.000,-1000.000,-1000.000,-1000.000,-1000.000,-1000.000,-1000.000,-1000.000,-1000.000,-1000.000,-1000.000,-1000.000,-1000.000,-1000.000,-1000.000,-1000.000,-1000.000,-1000.000,-1000.000,-1000.000,-1000.000,-1000.000,-1000.000,-1000.000,-1000.000,-1000.000,-1000.000,-1000.000,-1000.000,-1000.000,-1000.000,-1000.000,-1000.000,-1000.000,-1000.000,-1000.000,-1000.000,-1000.000,-1000.000,-1000.000,-1000.000,-1000.000,-1000.000,-1000.000,-1000.000,-1000.000,-1000.000,-1000.000,-1000.000,-1000.000,-1000.000,-1000.000,-1000.000,-1000.000,-1000.000,-1000.000,-1000.000,-1000.000,-1000.000,-1000.000,-1000.000,-1000.000,-1000.000,-1000.000
313.580,-43.695,-90.405,-97.485,-87.742,-87.453,-84.336,-86.217,-87.381,-96.201,-91.519,-92.236,-89.101,-87.799,-87.073,-89.263,-92.627,-88.042,-84.934,-90.383,-91.286,-91.090,-87.357,-88.010,-88.091,-88.425,-87.556,-90.026,-91.907,-90.626,-85.251,-91.202,-85.668,-86.824,-88.020,-89.384,-89.107,-90.631,-91.170,-89.807,-86.150,-86.301,-88.867,-89.778,-94.778,-86.672,-86.691,-84.593,-86.391,-88.642,-88.875,-85.885,-83.444,-87.119,-90.047,-89.498,-91.987,-89.530,-92.108,-90.092,-90.092,-89.755,-89.638,-85.584,-84.026,-84.604,-84.908,-88.698,-89.061,-88.369,-87.873,-87.343,-85.172,-85.580,-89.955,-87.448,-93.519,-83.404,-83.754,-87.238,-88.783,-85.669,-90.085,-89.446,-91.536,-88.698,-92.115,-90.331,-86.706,-90.164,-89.671,-90.096,-90.861,-90.361,-84.661,-84.655,-85.863,-88.097,-89.123,-91.525,-90.621,-86.753,-91.787
322.919,-43.695,-93.054,-91.744,-88.117,-87.720,-87.622,-87.606,-93.104,-96.995,-90.113,-88.696,-86.760,-83.817,-92.710,-90.566,-93.020,-92.111,-87.582,-87.620,-88.568,-88.259,-90.241,-85.494,-89.884,-86.651,-87.362,-87.882,-88.669,-86.959,-89.090,-87.991,-86.412,-86.979,-88.018,-88.382,-93.403,-89.115,-90.683,-87.879,-88.005,-89.898,-85.776,-90.050,-89.923,-88.377,-86.144,-86.405,-87.169,-87.512,-87.800,-95.361,-91.859,-91.220,-90.168,-86.262,-84.226,-85.805,-87.275,-89.910,-90.373,-90.431,-91.334,-84.825,-84.917,-88.806,-87.040,-86.678,-92.109,-89.528,-89.736,-85.642,-86.538,-88.552,-90.140,-90.589,-90.727,-90.725,-92.754,-87.122,-85.041,-90.948,-85.977,-88.740,-89.318,-84.634,-85.437,-91.493,-89.222,-89.235,-88.626,-87.697,-88.795,-91.793,-93.115,-93.168,-87.326,-87.149,-86.712,-87.787,-90.352,-94.218,-91.832
332.257,-43.695,-87.175,-86.056,-87.625,-90.504,-90.418,-88.087,-85.792,-95.823,-87.421,-91.841,-89.164,-88.112,-90.819,-86.449,-90.307,-88.638,-95.084,-87.402,-86.554,-89.185,-87.578,-92.155,-86.586,-87.598,-94.502,-91.809,-92.878,-91.902,-86.134,-86.087,-90.221,-91.052,-93.115,-87.027,-91.775,-94.029,-90.954,-91.617,-91.142,-90.527,-94.799,-89.531,-87.242,-85.884,-85.877,-88.693,-85.855,-84.267,-91.052,-87.049,-87.769,-88.193,-88.693,-88.510,-91.472,-89.116,-86.955,-89.000,-87.897,-90.711,-90.294,-90.284,-89.942,-91.172,-87.692,-88.735,-86.672,-88.753,-88.071,-91.661,-89.738,-87.912,-85.984,-89.083,-92.385,-87.411,-87.547,-91.187,-90.757,-84.481,-84.490,-90.278,-87.553,-91.781,-86.089,-86.089,-93.313,-86.366,-88.511,-86.004,-89.671,-84.255,-85.317,-97.587,-92.205,-89.619,-87.016,-85.825,-88.727,-86.572,-89.932
